session_id,total_time_min,pieces_started,completion_depth_avg,complementary_interactions,thematic_diversity,pause_count,moment_of_activity,device_type,used_recommendations,navigation_speed
S0001,19.2,6,61.0,3,2,0,morning,mobile,1,0.313
S0002,6.5,3,4.3,9,2,0,afternoon,tablet,1,0.464
S0003,22.9,17,9.7,1,5,4,evening,tablet,0,0.742
S0004,20.8,17,21.7,1,9,1,evening,tablet,1,0.816
S0005,29.4,19,12.7,1,7,3,afternoon,mobile,1,0.646
S0006,18.6,5,44.1,1,2,1,evening,mobile,0,0.269
S0007,9.1,3,56.3,2,3,1,evening,mobile,0,0.331
S0008,20.6,15,4.3,0,7,2,evening,mobile,0,0.728
S0009,4.8,1,14.6,7,2,0,evening,mobile,0,0.207
S0010,59.0,2,98.2,9,2,0,afternoon,tablet,1,0.034
S0011,11.9,5,65.9,1,3,0,late_night,mobile,1,0.419
S0012,5.4,1,4.5,7,1,0,morning,mobile,1,0.186
S0013,22.2,19,8.5,1,8,3,evening,mobile,0,0.856
S0014,6.3,3,5.9,9,1,0,late_night,tablet,0,0.477
S0015,55.3,3,97.7,9,2,0,afternoon,tablet,1,0.054
S0016,6.0,3,6.6,8,1,0,evening,mobile,0,0.497
S0017,5.0,1,9.7,6,2,0,evening,mobile,1,0.2
S0018,14.4,15,15.2,0,5,2,afternoon,mobile,0,1.043
S0019,19.9,10,16.2,0,7,2,afternoon,mobile,0,0.504
S0020,48.5,2,93.1,9,2,0,morning,desktop,1,0.041
S0021,9.5,4,56.5,3,1,1,evening,mobile,1,0.42
S0022,14.4,3,31.7,2,1,0,evening,mobile,1,0.208
S0023,9.2,4,46.1,1,2,0,evening,mobile,1,0.436
S0024,3.4,2,7.4,9,1,0,evening,mobile,1,0.582
S0025,1.5,3,12.6,7,1,0,evening,tablet,1,2.087
S0026,20.7,13,5.7,1,5,4,afternoon,mobile,1,0.629
S0027,7.0,2,2.0,4,2,0,morning,tablet,1,0.286
S0028,4.3,2,6.8,4,1,0,morning,desktop,1,0.468
S0029,10.0,1,14.4,6,1,0,morning,desktop,0,0.094
S0030,2.7,3,2.0,6,2,0,evening,mobile,0,1.125
S0031,10.9,5,55.2,3,3,1,evening,mobile,0,0.458
S0032,29.7,15,13.4,0,6,2,evening,mobile,1,0.506
S0033,5.1,3,7.1,8,2,0,afternoon,mobile,1,0.592
S0034,12.6,5,52.4,2,3,0,evening,mobile,1,0.398
S0035,72.8,3,95.9,12,1,0,morning,desktop,1,0.041
S0036,46.9,3,96.3,11,2,0,morning,desktop,1,0.064
S0037,32.1,18,13.6,1,7,3,evening,mobile,0,0.56
S0038,28.9,19,9.8,0,6,1,evening,mobile,0,0.658
S0039,9.7,3,63.7,1,1,0,morning,mobile,1,0.308
S0040,52.8,2,96.5,13,1,0,morning,desktop,0,0.038
S0041,4.7,3,19.3,8,2,0,late_night,desktop,1,0.633
S0042,22.9,15,11.0,0,7,2,afternoon,mobile,0,0.654
S0043,3.6,1,9.2,8,2,0,afternoon,mobile,0,0.278
S0044,10.2,5,46.0,1,1,0,morning,mobile,0,0.488
S0045,9.5,5,66.7,1,2,1,evening,mobile,0,0.524
S0046,51.8,4,94.7,13,2,0,morning,tablet,1,0.077
S0047,48.4,3,88.8,9,2,0,morning,desktop,1,0.062
S0048,50.2,3,98.7,9,2,0,morning,desktop,1,0.06
S0049,18.6,14,11.3,1,5,1,evening,mobile,0,0.755
S0050,12.9,5,49.2,2,1,1,late_night,mobile,1,0.387
S0051,20.2,13,11.4,0,7,2,evening,mobile,0,0.644
S0052,25.3,18,4.0,1,7,3,afternoon,mobile,0,0.713
S0053,8.4,6,31.3,2,3,0,late_night,mobile,1,0.717
S0054,3.9,2,10.1,5,1,0,morning,desktop,0,0.51
S0055,26.4,16,6.4,1,7,3,afternoon,tablet,0,0.605
S0056,23.1,13,4.0,1,9,4,evening,mobile,0,0.562
S0057,36.1,3,95.3,10,2,0,morning,desktop,1,0.083
S0058,22.5,14,4.4,1,9,2,afternoon,mobile,1,0.622
S0059,58.1,3,100.0,7,2,0,morning,desktop,1,0.052
S0060,5.8,3,25.0,3,2,0,late_night,mobile,0,0.519
S0061,17.4,18,9.5,1,7,1,evening,mobile,1,1.037
S0062,24.1,13,9.0,0,5,4,evening,tablet,0,0.539
S0063,24.9,15,13.9,0,5,1,afternoon,mobile,0,0.602
S0064,61.0,2,87.0,6,1,0,afternoon,desktop,1,0.033
S0065,17.0,12,20.5,1,6,1,afternoon,tablet,0,0.705
S0066,21.1,17,12.1,0,6,4,evening,mobile,0,0.807
S0067,50.0,4,100.0,7,1,0,morning,desktop,1,0.08
S0068,14.6,3,27.4,1,3,0,late_night,mobile,0,0.206
S0069,3.5,2,5.3,4,2,0,afternoon,mobile,1,0.572
S0070,50.0,3,95.9,12,1,0,afternoon,desktop,1,0.06
S0071,63.5,3,94.2,10,1,0,afternoon,desktop,1,0.047
S0072,14.0,5,50.7,2,2,1,evening,mobile,0,0.357
S0073,19.2,17,4.0,1,8,3,evening,mobile,0,0.887
S0074,46.4,3,85.4,13,2,0,afternoon,desktop,1,0.065
S0075,25.7,15,5.7,1,7,4,evening,mobile,0,0.583
S0076,3.6,2,11.6,9,2,0,morning,mobile,0,0.554
S0077,16.3,15,4.0,0,7,2,evening,mobile,0,0.923
S0078,16.3,12,5.8,0,9,3,evening,mobile,0,0.738
S0079,19.8,19,14.1,0,8,4,evening,mobile,0,0.959
S0080,11.3,6,50.0,1,2,1,evening,mobile,0,0.533
S0081,13.9,5,43.3,1,2,1,late_night,mobile,0,0.358
S0082,49.4,4,94.2,8,1,0,morning,desktop,1,0.081
S0083,44.9,4,84.6,12,2,0,afternoon,desktop,1,0.089
S0084,23.9,16,13.0,0,8,3,evening,mobile,0,0.668
S0085,20.5,16,14.3,1,8,2,afternoon,mobile,1,0.78
S0086,64.2,3,93.4,8,1,0,afternoon,desktop,1,0.047
S0087,20.2,12,16.7,0,7,2,evening,mobile,0,0.595
S0088,8.7,6,29.0,3,3,0,morning,mobile,1,0.686
S0089,15.4,15,10.4,0,5,2,afternoon,mobile,0,0.975
S0090,14.3,3,64.6,2,2,0,morning,mobile,1,0.209
S0091,9.3,3,70.4,2,3,0,evening,mobile,0,0.324
S0092,46.1,2,95.7,8,2,0,afternoon,desktop,1,0.043
S0093,46.6,3,84.3,11,2,0,afternoon,desktop,1,0.064
S0094,4.9,2,2.6,5,2,0,evening,desktop,0,0.409
S0095,8.8,4,47.2,2,1,0,morning,mobile,1,0.455
S0096,15.9,15,13.0,0,5,4,evening,tablet,0,0.941
S0097,20.2,18,15.5,1,9,3,afternoon,mobile,1,0.891
S0098,39.4,3,85.4,13,2,0,afternoon,desktop,0,0.076
S0099,7.4,4,49.1,1,3,1,late_night,mobile,1,0.544
S0100,13.8,11,19.8,1,6,1,evening,mobile,0,0.798
S0101,11.5,5,52.6,3,2,1,late_night,mobile,0,0.434
S0102,27.4,10,7.0,0,6,3,evening,mobile,0,0.365
S0103,8.2,5,49.2,2,2,1,late_night,mobile,1,0.609
S0104,11.0,5,70.0,2,2,1,evening,mobile,0,0.456
S0105,14.7,15,15.2,1,8,1,afternoon,mobile,0,1.017
S0106,38.7,3,86.1,9,2,0,afternoon,desktop,1,0.078
S0107,60.8,2,92.4,7,1,0,afternoon,desktop,1,0.033
S0108,13.3,3,34.8,2,3,0,morning,mobile,0,0.226
S0109,39.2,2,92.2,6,1,0,morning,desktop,1,0.051
S0110,10.3,4,45.2,3,1,1,late_night,mobile,1,0.389
S0111,22.1,16,16.4,1,5,2,evening,mobile,0,0.725
S0112,5.7,3,4.7,5,1,0,afternoon,tablet,0,0.524
S0113,24.9,18,10.9,0,5,3,evening,tablet,0,0.724
S0114,53.9,3,93.8,12,2,0,afternoon,desktop,1,0.056
S0115,57.3,3,99.8,8,2,0,afternoon,desktop,1,0.052
S0116,21.1,19,9.6,1,7,1,evening,mobile,0,0.901
S0117,21.7,13,11.1,1,5,1,evening,mobile,0,0.598
S0118,49.8,4,82.4,9,1,0,morning,desktop,1,0.08
S0119,54.7,2,80.0,9,2,0,morning,desktop,1,0.037
S0120,8.2,5,70.3,3,3,0,morning,mobile,0,0.61
S0121,11.7,6,44.6,2,3,1,late_night,mobile,1,0.512
S0122,7.4,2,12.7,9,1,0,morning,tablet,0,0.272
S0123,2.0,2,4.9,8,2,0,afternoon,mobile,0,0.986
S0124,26.9,13,4.0,0,5,1,afternoon,mobile,1,0.483
S0125,63.8,4,94.0,6,1,0,morning,tablet,1,0.063
S0126,5.7,3,6.8,4,1,0,afternoon,tablet,1,0.527
S0127,3.3,2,9.4,7,1,0,afternoon,mobile,1,0.604
S0128,10.9,19,16.6,1,8,2,evening,mobile,0,1.743
S0129,1.5,1,3.0,9,1,0,morning,tablet,1,2.805
S0130,21.7,11,8.8,1,6,1,afternoon,mobile,0,0.508
S0131,4.6,1,13.3,9,2,0,afternoon,mobile,0,0.218
S0132,52.8,3,98.6,11,2,0,morning,desktop,1,0.057
S0133,10.2,3,50.6,3,1,1,morning,mobile,0,0.293
S0134,6.1,1,2.0,7,1,0,evening,mobile,0,0.165
S0135,16.5,17,4.0,1,6,3,afternoon,tablet,1,1.028
S0136,46.9,3,81.6,7,2,0,afternoon,desktop,1,0.064
S0137,26.6,10,9.7,1,6,4,evening,mobile,0,0.376
S0138,54.8,2,97.4,9,2,0,morning,desktop,1,0.036
S0139,9.9,4,52.0,1,2,1,late_night,mobile,1,0.404
S0140,43.2,4,88.4,8,2,0,afternoon,desktop,1,0.093
S0141,11.6,4,41.6,2,2,0,late_night,mobile,0,0.345
S0142,39.1,3,88.8,9,2,0,morning,desktop,1,0.077
S0143,6.1,2,2.1,7,1,0,afternoon,mobile,1,0.328
S0144,53.7,3,93.1,7,1,0,morning,desktop,0,0.056
S0145,25.5,13,6.6,1,7,1,evening,mobile,0,0.51
S0146,8.5,1,4.8,6,1,0,afternoon,mobile,0,0.118
S0147,18.5,16,4.0,1,7,2,evening,mobile,1,0.863
S0148,14.8,3,43.4,2,3,0,evening,mobile,1,0.203
S0149,44.6,3,100.0,9,1,0,morning,desktop,1,0.067
S0150,26.6,13,18.0,0,8,1,afternoon,mobile,0,0.489
S0151,4.0,3,8.5,6,1,0,afternoon,desktop,0,0.758
S0152,7.6,3,6.5,7,2,0,afternoon,mobile,1,0.395
S0153,8.5,6,75.0,1,3,1,morning,mobile,1,0.708
S0154,10.0,2,3.6,4,2,0,late_night,desktop,1,0.196
S0155,18.6,15,8.2,1,9,1,afternoon,mobile,0,0.806
S0156,4.2,2,4.0,6,2,0,late_night,mobile,0,0.478
S0157,13.9,4,28.2,3,1,0,late_night,mobile,0,0.287
S0158,59.4,4,88.3,11,2,0,afternoon,desktop,1,0.067
S0159,54.9,4,92.1,7,1,0,afternoon,desktop,1,0.073
S0160,49.3,2,89.7,13,1,0,afternoon,desktop,1,0.041
S0161,21.6,13,14.9,0,8,1,evening,mobile,0,0.601
S0162,47.8,3,91.7,10,2,0,morning,desktop,1,0.063
S0163,11.2,4,25.1,2,3,0,morning,mobile,0,0.357
S0164,5.2,3,8.4,6,2,0,evening,tablet,0,0.576
S0165,48.2,4,100.0,12,2,0,morning,desktop,1,0.083
S0166,53.6,3,88.1,11,1,0,afternoon,desktop,1,0.056
S0167,5.5,1,11.0,9,2,0,morning,tablet,0,0.181
S0168,12.7,5,44.0,3,3,0,late_night,mobile,1,0.394
S0169,11.1,3,46.1,1,3,1,morning,mobile,0,0.27
S0170,19.1,12,11.0,0,5,2,afternoon,tablet,0,0.627
S0171,41.2,3,94.4,10,1,0,morning,desktop,1,0.073
S0172,10.5,4,34.7,2,2,1,evening,mobile,0,0.382
S0173,23.8,14,12.7,1,6,1,evening,mobile,0,0.588
S0174,29.4,16,24.5,0,8,2,evening,mobile,0,0.544
S0175,52.9,3,85.4,13,2,0,afternoon,tablet,1,0.057
S0176,59.7,4,92.4,9,2,0,morning,desktop,1,0.067
S0177,12.4,3,38.5,3,1,0,late_night,mobile,0,0.243
S0178,26.1,17,17.5,1,5,4,evening,mobile,1,0.651
S0179,17.2,14,19.6,1,9,1,afternoon,mobile,1,0.813
S0180,7.0,2,2.0,6,2,0,evening,mobile,1,0.287
S0181,56.2,4,88.9,10,2,0,morning,desktop,1,0.071
S0182,22.2,12,8.7,0,6,3,evening,mobile,0,0.539
S0183,61.5,3,93.5,6,1,0,morning,desktop,0,0.049
S0184,51.9,2,92.2,7,1,0,afternoon,desktop,0,0.039
S0185,5.9,2,6.1,7,2,0,morning,tablet,1,0.337
S0186,26.3,18,6.5,1,6,4,evening,mobile,0,0.685
S0187,14.5,3,34.7,3,3,1,morning,mobile,0,0.206
S0188,22.5,15,13.1,1,5,1,evening,mobile,0,0.666
S0189,10.4,5,56.1,1,1,0,morning,mobile,0,0.48
S0190,7.7,2,9.6,7,2,0,morning,mobile,1,0.261
S0191,20.2,18,16.2,1,5,1,afternoon,mobile,0,0.89
S0192,10.1,6,52.8,3,3,0,morning,mobile,0,0.597
S0193,4.3,3,5.4,7,2,0,evening,mobile,0,0.701
S0194,8.7,3,8.4,5,2,0,evening,tablet,0,0.344
S0195,5.4,4,49.5,2,3,0,late_night,mobile,0,0.745
S0196,44.6,4,91.6,6,1,0,morning,desktop,1,0.09
S0197,11.6,3,33.3,3,3,0,morning,mobile,0,0.26
S0198,54.8,4,87.9,9,1,0,afternoon,desktop,1,0.073
S0199,24.4,15,5.3,0,5,2,evening,mobile,0,0.615
S0200,16.4,11,9.0,0,5,4,evening,mobile,1,0.669
S0201,8.2,6,25.0,3,1,0,morning,mobile,0,0.729
S0202,16.9,14,9.1,0,7,1,evening,mobile,0,0.831
S0203,32.4,18,9.8,0,6,3,afternoon,mobile,1,0.555
S0204,20.8,12,21.1,0,5,2,evening,mobile,0,0.578
S0205,16.2,5,58.2,2,2,1,evening,mobile,0,0.309
S0206,8.6,6,42.4,1,3,0,late_night,mobile,1,0.702
S0207,53.9,3,87.4,12,1,0,morning,desktop,1,0.056
S0208,20.3,13,4.0,1,9,3,afternoon,tablet,0,0.639
S0209,65.3,2,92.0,10,2,0,afternoon,desktop,1,0.031
S0210,9.3,6,30.7,2,3,0,late_night,mobile,0,0.643
S0211,41.2,2,91.5,7,1,0,afternoon,desktop,1,0.049
S0212,13.9,5,50.5,1,1,1,late_night,mobile,0,0.36
S0213,22.9,14,9.3,0,5,1,afternoon,tablet,0,0.612
S0214,4.4,1,10.2,4,1,0,morning,desktop,0,0.226
S0215,51.5,4,96.2,11,1,0,morning,desktop,0,0.078
S0216,54.2,2,94.2,12,2,0,afternoon,desktop,1,0.037
S0217,2.5,1,2.2,4,2,0,late_night,mobile,0,0.396
S0218,29.1,12,19.0,1,6,2,afternoon,tablet,0,0.412
S0219,6.8,3,7.6,5,1,0,evening,tablet,0,0.44
S0220,52.5,2,84.2,8,1,0,afternoon,desktop,1,0.038
S0221,9.2,3,10.0,4,1,0,late_night,desktop,1,0.327
S0222,13.8,6,58.5,2,2,1,evening,mobile,1,0.435
S0223,26.0,16,10.8,0,9,1,evening,mobile,0,0.617
S0224,25.3,11,9.9,0,7,1,afternoon,mobile,0,0.434
S0225,47.6,3,88.2,8,2,0,afternoon,desktop,1,0.063
S0226,20.4,15,17.1,1,5,4,evening,mobile,0,0.734
S0227,46.6,2,100.0,9,1,0,afternoon,desktop,1,0.043
S0228,44.4,2,98.5,8,2,0,morning,desktop,1,0.045
S0229,4.3,2,2.0,9,1,0,morning,mobile,1,0.466
S0230,3.2,2,11.9,9,1,0,evening,mobile,0,0.634
S0231,8.6,3,25.0,1,1,0,late_night,mobile,0,0.347
S0232,29.7,16,7.1,1,9,2,afternoon,mobile,0,0.539
S0233,25.5,12,16.6,1,6,3,afternoon,mobile,1,0.471
S0234,11.5,4,56.6,3,1,1,evening,mobile,0,0.347
S0235,13.3,4,44.0,2,3,1,morning,mobile,1,0.301
S0236,12.9,4,75.0,3,3,0,evening,mobile,0,0.309
S0237,6.6,2,12.5,7,1,0,late_night,mobile,0,0.302
S0238,6.2,3,8.7,9,2,0,morning,desktop,1,0.482
S0239,4.4,1,7.7,8,2,0,morning,mobile,0,0.228
S0240,4.6,1,13.8,8,2,0,afternoon,tablet,0,0.218
S0241,29.2,13,19.1,1,9,1,afternoon,mobile,0,0.445
S0242,10.9,5,62.3,1,2,1,morning,mobile,0,0.458
S0243,11.6,6,48.1,1,1,1,evening,mobile,0,0.518
S0244,49.9,3,89.7,9,2,0,afternoon,desktop,1,0.06
S0245,20.7,11,15.4,0,9,1,evening,mobile,0,0.53
S0246,17.1,12,12.3,1,6,2,evening,mobile,1,0.702
S0247,3.9,1,4.5,8,1,0,evening,desktop,0,0.258
S0248,15.8,3,61.1,1,2,1,evening,mobile,0,0.19
S0249,13.6,3,50.0,3,3,0,evening,mobile,1,0.22
S0250,22.2,12,6.2,0,8,1,evening,mobile,0,0.541
S0251,11.4,4,51.1,1,3,1,morning,mobile,0,0.352
S0252,65.0,2,89.2,8,1,0,morning,desktop,1,0.031
S0253,3.4,2,10.9,7,2,0,evening,mobile,1,0.592
S0254,17.2,16,14.1,0,9,3,afternoon,tablet,0,0.929
S0255,18.2,4,25.0,2,3,1,morning,mobile,0,0.22
S0256,9.9,3,26.4,2,2,1,evening,mobile,0,0.304
S0257,56.5,4,97.0,6,2,0,morning,desktop,1,0.071
S0258,19.4,15,4.7,1,6,3,afternoon,mobile,1,0.774
S0259,14.8,6,47.1,1,3,0,morning,mobile,0,0.406
S0260,10.5,5,69.3,2,1,0,late_night,mobile,0,0.478
S0261,14.8,6,31.3,1,1,1,late_night,mobile,1,0.406
S0262,35.0,3,82.7,8,2,0,afternoon,desktop,1,0.089
S0263,25.1,16,4.0,0,5,2,afternoon,mobile,0,0.638
S0264,10.4,4,55.6,2,3,0,evening,mobile,0,0.384
S0265,5.0,3,5.6,6,2,0,evening,mobile,0,0.596
S0266,6.3,3,46.8,1,1,1,morning,mobile,0,0.478
S0267,27.5,11,10.8,1,7,4,afternoon,mobile,1,0.4
S0268,56.6,3,91.6,7,1,0,afternoon,desktop,0,0.053
S0269,6.2,3,38.6,1,1,0,late_night,mobile,1,0.487
S0270,11.3,3,55.0,1,3,1,evening,mobile,0,0.265
S0271,50.6,2,84.2,11,1,0,afternoon,desktop,1,0.04
S0272,55.0,3,90.7,6,1,0,afternoon,desktop,1,0.055
S0273,57.5,4,86.8,6,1,0,morning,desktop,1,0.07
S0274,4.6,3,20.0,5,1,0,late_night,tablet,1,0.653
S0275,12.7,3,72.4,3,3,0,evening,mobile,0,0.236
S0276,5.2,3,11.9,4,2,0,afternoon,mobile,0,0.574
S0277,6.7,2,9.8,5,2,0,late_night,mobile,0,0.298
S0278,2.1,1,3.6,7,2,0,late_night,desktop,0,0.476
S0279,52.1,4,96.4,8,1,0,afternoon,desktop,0,0.077
S0280,3.1,2,10.9,9,1,0,late_night,tablet,0,0.64
S0281,8.5,4,69.5,3,2,1,evening,mobile,0,0.471
S0282,3.1,1,6.6,6,2,0,morning,tablet,1,0.326
S0283,6.9,2,2.0,7,1,0,morning,desktop,1,0.29
S0284,24.4,11,11.7,0,7,3,evening,mobile,0,0.452
S0285,46.1,4,95.2,9,2,0,morning,desktop,0,0.087
S0286,24.5,19,7.9,1,5,4,evening,mobile,1,0.775
S0287,44.0,2,84.0,8,2,0,afternoon,desktop,1,0.045
S0288,5.4,1,6.6,4,1,0,morning,desktop,0,0.186
S0289,55.2,2,85.9,10,2,0,afternoon,desktop,1,0.036
S0290,7.1,1,5.9,5,2,0,afternoon,tablet,0,0.14
S0291,25.4,17,12.9,0,9,4,evening,mobile,0,0.669
S0292,12.7,6,73.1,3,2,0,morning,mobile,1,0.474
S0293,51.8,4,87.4,6,2,0,afternoon,desktop,1,0.077
S0294,6.0,1,6.4,5,2,0,evening,tablet,0,0.166
S0295,20.5,10,19.1,0,9,2,afternoon,tablet,0,0.487
S0296,13.3,3,51.8,1,3,1,evening,mobile,0,0.226
S0297,17.7,11,6.7,1,6,4,afternoon,tablet,0,0.623
S0298,6.6,1,10.7,6,2,0,afternoon,mobile,0,0.152
S0299,15.2,6,62.3,2,1,0,evening,mobile,1,0.395
S0300,30.8,10,13.7,1,6,4,afternoon,mobile,0,0.325
S0301,29.7,18,14.4,1,7,3,afternoon,mobile,0,0.605
S0302,18.0,12,11.3,0,6,1,evening,mobile,1,0.668
S0303,5.0,1,4.3,9,2,0,late_night,mobile,1,0.2
S0304,11.5,3,37.2,1,3,1,evening,mobile,0,0.262
S0305,42.9,2,92.1,10,1,0,afternoon,tablet,1,0.047
S0306,65.8,2,90.5,6,2,0,morning,desktop,1,0.03
S0307,2.1,2,7.4,6,1,0,afternoon,mobile,0,0.932
S0308,5.0,3,45.8,1,3,0,morning,mobile,0,0.601
S0309,24.4,18,5.7,1,5,3,evening,mobile,1,0.737
S0310,52.7,3,100.0,13,2,0,morning,desktop,1,0.057
S0311,10.9,14,16.0,0,7,1,evening,tablet,1,1.28
S0312,3.9,1,8.8,9,1,0,afternoon,tablet,0,0.256
S0313,21.0,17,11.6,1,9,3,evening,mobile,0,0.808
S0314,21.8,18,6.5,0,8,2,afternoon,mobile,0,0.827
S0315,9.0,5,66.9,1,2,0,evening,mobile,0,0.553
S0316,21.9,19,23.3,1,5,3,afternoon,mobile,0,0.868
S0317,18.1,12,7.7,1,9,4,afternoon,mobile,0,0.664
S0318,24.7,16,15.2,0,5,2,afternoon,mobile,1,0.647
S0319,38.3,2,88.6,12,1,0,morning,desktop,1,0.052
S0320,9.3,5,56.1,3,2,1,late_night,mobile,0,0.535
S0321,11.8,5,44.7,3,1,0,evening,mobile,1,0.423
S0322,8.3,3,37.2,2,2,0,evening,mobile,0,0.359
S0323,21.8,17,13.8,0,5,2,evening,mobile,0,0.78
S0324,10.9,3,32.7,1,1,1,morning,mobile,1,0.276
S0325,22.4,14,11.2,1,8,4,evening,mobile,0,0.624
S0326,8.2,1,2.2,4,2,0,morning,mobile,1,0.122
S0327,60.2,4,84.5,11,2,0,afternoon,desktop,1,0.066
S0328,6.5,2,6.2,6,2,0,evening,desktop,0,0.309
S0329,40.8,4,91.4,10,1,0,morning,desktop,1,0.098
S0330,57.3,3,90.8,7,2,0,morning,desktop,1,0.052
S0331,5.1,2,10.9,6,2,0,morning,tablet,0,0.391
S0332,13.4,5,50.5,3,3,0,late_night,mobile,0,0.374
S0333,2.6,3,5.7,9,1,0,afternoon,desktop,1,1.145
S0334,11.6,5,49.5,3,2,1,morning,mobile,1,0.431
S0335,29.1,13,12.8,0,5,2,afternoon,tablet,0,0.447
S0336,10.4,5,47.3,1,3,1,morning,mobile,0,0.478
S0337,35.2,3,94.1,8,1,0,afternoon,desktop,0,0.085
S0338,74.2,4,89.7,13,1,0,afternoon,desktop,1,0.054
S0339,21.7,16,22.4,0,6,4,afternoon,mobile,1,0.738
S0340,22.0,10,13.4,1,8,3,evening,mobile,0,0.454
S0341,54.5,3,92.7,10,2,0,morning,tablet,1,0.055
S0342,30.7,16,11.4,1,9,1,afternoon,mobile,0,0.521
S0343,12.5,3,48.6,2,2,1,morning,mobile,1,0.241
S0344,11.5,3,54.1,2,2,1,late_night,mobile,1,0.26
S0345,9.7,5,25.6,3,3,1,morning,mobile,0,0.514
S0346,17.2,4,52.3,1,3,0,late_night,mobile,1,0.233
S0347,35.0,3,95.9,10,2,0,afternoon,desktop,1,0.087
S0348,16.7,6,31.4,2,2,1,evening,mobile,1,0.36
S0349,71.4,2,92.9,13,1,0,morning,desktop,1,0.028
S0350,14.4,4,64.3,1,3,1,evening,mobile,0,0.277
S0351,68.7,4,91.9,13,1,0,morning,desktop,1,0.058
S0352,25.0,16,9.3,0,8,1,evening,mobile,0,0.639
S0353,57.1,2,90.5,13,2,0,afternoon,desktop,1,0.035
S0354,15.9,6,56.1,1,1,1,evening,mobile,0,0.377
S0355,10.0,6,55.9,1,1,0,late_night,mobile,1,0.601
S0356,17.5,10,8.6,1,8,2,evening,mobile,0,0.571
S0357,22.8,17,6.5,0,7,4,evening,tablet,0,0.746
S0358,13.1,3,48.5,2,3,1,evening,mobile,0,0.229
S0359,27.6,10,7.1,0,7,3,evening,mobile,1,0.362
S0360,44.4,3,84.6,7,2,0,morning,desktop,1,0.068
S0361,26.4,17,15.0,1,5,3,afternoon,mobile,0,0.643
S0362,14.6,6,63.4,3,2,0,late_night,mobile,0,0.41
S0363,10.3,4,46.6,3,2,1,morning,mobile,0,0.389
S0364,8.8,2,12.1,7,1,0,morning,tablet,0,0.228
S0365,12.3,5,33.6,1,2,0,evening,mobile,0,0.405
S0366,11.3,4,54.5,1,1,1,late_night,mobile,1,0.355
S0367,47.3,2,95.1,13,1,0,morning,tablet,1,0.042
S0368,19.1,19,11.3,1,8,1,afternoon,mobile,0,0.995
S0369,55.1,2,86.4,13,2,0,afternoon,desktop,1,0.036
S0370,3.4,3,14.7,8,2,0,evening,mobile,0,0.882
S0371,45.6,3,80.6,11,2,0,morning,desktop,1,0.066
S0372,11.2,5,66.9,2,2,0,morning,mobile,0,0.448
S0373,6.7,5,42.2,1,2,0,late_night,mobile,0,0.75
S0374,15.6,4,63.4,3,2,0,morning,mobile,1,0.257
S0375,8.4,6,53.3,2,1,1,evening,mobile,0,0.716
S0376,17.4,14,12.2,0,6,4,afternoon,mobile,0,0.806
S0377,6.5,3,9.6,6,1,0,late_night,desktop,0,0.465
S0378,5.3,2,7.1,6,2,0,afternoon,mobile,0,0.378
S0379,6.1,2,2.0,5,1,0,afternoon,mobile,1,0.325
S0380,76.5,3,93.0,7,2,0,afternoon,desktop,1,0.039
S0381,8.3,1,11.6,5,1,0,evening,tablet,1,0.121
S0382,5.5,2,2.0,4,1,0,evening,mobile,0,0.364
S0383,14.7,3,31.1,2,1,1,late_night,mobile,1,0.205
S0384,8.0,6,31.5,1,3,0,evening,mobile,1,0.753
S0385,14.8,14,15.7,1,9,1,evening,mobile,0,0.949
S0386,55.6,3,94.0,6,1,0,morning,desktop,1,0.054
S0387,9.5,4,71.9,2,3,1,morning,mobile,1,0.421
S0388,9.6,3,73.1,2,1,0,morning,mobile,0,0.312
S0389,39.0,2,86.9,10,1,0,morning,desktop,1,0.051
S0390,6.5,5,75.0,1,3,0,late_night,mobile,0,0.771
S0391,28.2,15,11.9,0,8,4,evening,tablet,0,0.532
S0392,5.0,4,47.7,2,3,0,morning,mobile,0,1.704
S0393,4.7,3,13.9,5,2,0,morning,tablet,0,0.644
S0394,11.2,15,19.4,0,9,4,afternoon,mobile,0,1.335
S0395,5.8,1,2.0,8,2,0,evening,desktop,0,0.173
S0396,20.8,13,8.5,1,6,4,afternoon,tablet,0,0.624
S0397,59.8,2,90.8,6,2,0,afternoon,desktop,1,0.033
S0398,5.6,2,2.0,4,2,0,morning,mobile,0,0.359
S0399,5.5,3,8.8,9,1,0,afternoon,mobile,0,0.541
S0400,17.7,10,18.0,0,7,3,evening,mobile,0,0.564
S0401,9.2,6,55.7,2,3,0,late_night,mobile,1,0.651
S0402,17.9,12,10.7,0,8,3,afternoon,mobile,0,0.669
S0403,4.6,2,8.2,4,2,0,evening,tablet,0,0.434
S0404,3.0,3,3.5,5,1,0,evening,tablet,1,0.995
S0405,56.9,3,83.4,13,1,0,afternoon,desktop,1,0.053
S0406,13.4,3,50.1,2,3,1,late_night,mobile,1,0.224
S0407,23.2,18,8.7,1,6,3,afternoon,mobile,0,0.777
S0408,52.2,4,87.5,12,2,0,afternoon,tablet,1,0.077
S0409,61.3,4,84.8,6,1,0,morning,desktop,1,0.065
S0410,2.3,3,9.1,9,2,0,morning,mobile,0,1.297
S0411,14.4,6,59.9,3,1,0,evening,mobile,0,0.418
S0412,59.4,2,89.1,7,2,0,morning,desktop,1,0.034
S0413,9.8,4,47.9,1,3,1,morning,mobile,1,0.408
S0414,51.3,2,90.8,9,2,0,morning,desktop,1,0.039
S0415,15.1,13,10.5,0,6,3,evening,mobile,0,0.861
S0416,23.5,17,4.0,1,8,1,afternoon,mobile,0,0.724
S0417,39.3,4,85.5,11,2,0,morning,desktop,1,0.102
S0418,10.3,4,36.9,3,1,1,late_night,mobile,0,0.387
S0419,14.3,17,12.7,0,7,4,afternoon,mobile,0,1.185
S0420,7.3,2,3.2,9,2,0,late_night,tablet,1,0.273
S0421,66.7,2,96.3,13,2,0,morning,desktop,1,0.03
S0422,21.1,15,12.6,0,9,4,afternoon,mobile,1,0.71
S0423,60.1,4,88.3,9,2,0,morning,desktop,1,0.067
S0424,19.7,15,12.4,0,8,2,afternoon,mobile,0,0.762
S0425,5.7,3,48.7,3,2,0,evening,mobile,1,0.522
S0426,15.8,5,47.3,3,3,1,late_night,mobile,1,0.316
S0427,12.7,5,45.5,1,3,0,evening,mobile,1,0.393
S0428,25.4,15,8.8,0,6,1,evening,mobile,0,0.591
S0429,50.6,4,89.9,12,2,0,afternoon,desktop,0,0.079
S0430,5.0,3,2.0,6,1,0,evening,mobile,0,0.596
S0431,26.3,16,18.4,1,6,1,evening,mobile,0,0.608
S0432,43.1,3,97.4,10,2,0,morning,desktop,1,0.07
S0433,59.1,2,100.0,10,1,0,afternoon,desktop,1,0.034
S0434,46.7,4,93.5,9,1,0,morning,desktop,1,0.086
S0435,23.3,18,12.3,0,8,3,afternoon,tablet,0,0.774
S0436,32.0,12,9.9,1,7,1,afternoon,mobile,0,0.375
S0437,13.1,5,69.3,1,1,1,morning,mobile,1,0.381
S0438,43.0,4,94.2,12,2,0,afternoon,desktop,1,0.093
S0439,44.0,4,94.7,7,2,0,morning,desktop,1,0.091
S0440,11.3,3,40.9,2,1,1,late_night,mobile,0,0.267
S0441,5.8,5,32.8,3,3,0,evening,mobile,0,0.863
S0442,15.5,11,20.4,0,9,2,afternoon,mobile,0,0.71
S0443,80.0,2,100.0,9,2,0,afternoon,desktop,1,0.023
S0444,4.4,2,11.9,4,1,0,afternoon,tablet,1,0.453
S0445,54.0,3,94.1,10,1,0,afternoon,desktop,1,0.056
S0446,10.5,3,37.9,1,1,1,evening,mobile,1,0.286
S0447,17.0,6,28.5,1,3,0,evening,mobile,1,0.352
S0448,28.7,19,10.7,1,6,4,afternoon,mobile,0,0.662
S0449,11.2,5,57.0,1,2,0,morning,mobile,0,0.447
S0450,4.3,3,11.1,9,1,0,evening,mobile,0,0.705
S0451,22.5,16,13.5,0,8,1,evening,mobile,1,0.71
S0452,28.0,14,19.8,1,5,1,evening,mobile,0,0.501
S0453,41.7,4,86.1,8,1,0,afternoon,desktop,1,0.096
S0454,10.2,5,61.3,3,2,1,evening,mobile,0,0.491
S0455,8.7,3,37.9,2,1,0,evening,mobile,1,0.346
S0456,5.0,4,46.5,3,3,1,morning,mobile,0,0.868
S0457,5.7,1,10.7,5,1,0,evening,desktop,0,0.176
S0458,9.1,5,70.2,3,2,0,morning,mobile,0,0.55
S0459,47.8,3,89.4,8,2,0,morning,desktop,1,0.063
S0460,40.1,3,88.4,8,1,0,morning,desktop,1,0.075
S0461,20.8,11,19.6,1,9,3,evening,tablet,0,0.528
S0462,66.3,3,92.2,9,2,0,morning,tablet,1,0.045
S0463,59.3,4,88.2,13,1,0,afternoon,desktop,1,0.067
S0464,16.4,17,11.2,0,6,3,afternoon,mobile,0,1.035
S0465,47.6,3,91.8,10,1,0,morning,desktop,1,0.063
S0466,30.4,16,14.6,0,6,2,afternoon,tablet,0,0.527
S0467,15.2,15,6.7,1,8,4,afternoon,mobile,0,0.989
S0468,12.7,4,51.3,3,2,0,evening,mobile,0,0.314
S0469,21.1,17,13.4,0,5,3,evening,mobile,1,0.806
S0470,3.7,1,13.6,4,1,0,evening,mobile,1,0.268
S0471,47.5,4,88.4,10,2,0,morning,desktop,1,0.084
S0472,14.3,3,50.0,3,3,0,evening,mobile,0,0.21
S0473,43.9,2,94.4,7,2,0,afternoon,desktop,1,0.046
S0474,70.8,4,88.4,8,2,0,morning,desktop,1,0.056
S0475,20.2,11,4.0,0,8,2,afternoon,mobile,1,0.546
S0476,26.5,16,14.2,1,9,2,evening,mobile,1,0.605
S0477,26.2,15,6.2,1,7,2,evening,mobile,0,0.573
S0478,65.9,3,94.6,12,2,0,morning,desktop,1,0.045
S0479,24.0,17,17.2,1,7,2,evening,mobile,0,0.708
S0480,19.5,17,8.4,0,9,2,afternoon,mobile,0,0.873
S0481,1.5,3,12.9,4,2,0,afternoon,desktop,1,2.102
S0482,14.0,14,5.4,0,5,2,evening,mobile,0,0.999
S0483,15.2,5,35.4,1,3,1,evening,mobile,1,0.329
S0484,3.1,3,3.2,9,1,0,evening,tablet,0,0.965
S0485,28.2,15,4.0,1,7,4,evening,tablet,1,0.531
S0486,27.2,17,13.5,0,9,1,evening,mobile,0,0.624
S0487,41.3,4,90.5,13,1,0,morning,desktop,1,0.097
S0488,6.2,2,2.4,9,2,0,evening,tablet,0,0.321
S0489,1.5,1,2.0,8,2,0,morning,tablet,0,0.953
S0490,20.5,16,12.8,0,6,3,afternoon,mobile,0,0.779
S0491,59.7,2,91.2,12,2,0,morning,desktop,0,0.033
S0492,13.4,3,25.0,3,1,0,morning,mobile,1,0.224
S0493,3.9,1,10.2,5,2,0,evening,mobile,0,0.253
S0494,1.5,2,7.0,4,2,0,afternoon,tablet,0,-1.994
S0495,1.5,1,12.9,4,1,0,evening,tablet,1,0.671
S0496,19.6,10,4.0,1,7,4,afternoon,mobile,0,0.51
S0497,15.4,17,10.2,0,7,3,afternoon,mobile,1,1.106
S0498,55.5,4,87.9,13,2,0,morning,desktop,1,0.072
S0499,6.1,3,10.9,9,1,0,late_night,mobile,0,0.492
S0500,8.6,4,67.2,1,1,0,late_night,mobile,0,0.463
S0501,15.2,18,7.6,1,9,2,evening,mobile,1,1.185
S0502,6.2,1,11.9,5,1,0,evening,mobile,1,0.161
S0503,23.0,10,11.4,0,9,1,afternoon,tablet,0,0.434
S0504,54.7,3,94.5,9,2,0,afternoon,desktop,0,0.055
S0505,18.7,16,13.5,0,7,3,afternoon,mobile,0,0.856
S0506,2.0,2,2.0,9,2,0,afternoon,tablet,0,0.994
S0507,68.8,4,99.5,13,1,0,afternoon,desktop,1,0.058
S0508,17.8,10,8.5,0,5,3,evening,mobile,0,0.561
S0509,16.9,12,12.5,0,5,3,afternoon,mobile,1,0.709
S0510,3.4,3,15.6,9,1,0,evening,desktop,0,0.88
S0511,12.1,13,4.9,1,8,4,afternoon,mobile,1,1.07
S0512,21.6,10,16.5,0,8,4,evening,mobile,1,0.463
S0513,4.7,2,14.8,8,1,0,afternoon,tablet,0,0.429
S0514,4.5,1,4.6,7,2,0,late_night,tablet,1,0.224
S0515,13.1,5,33.1,2,1,1,late_night,mobile,1,0.383
S0516,25.6,19,6.8,0,6,3,evening,mobile,0,0.742
S0517,49.6,2,86.1,9,2,0,morning,desktop,1,0.04
S0518,29.4,18,12.9,0,5,1,afternoon,mobile,0,0.611
S0519,4.1,3,20.0,4,2,0,afternoon,mobile,1,0.738
S0520,6.8,1,18.5,5,1,0,evening,desktop,0,0.147
S0521,5.9,1,6.1,9,2,0,morning,desktop,1,0.17
S0522,6.2,3,48.6,1,3,0,late_night,mobile,1,0.485
S0523,15.1,6,46.3,2,1,0,late_night,mobile,1,0.397
S0524,27.2,10,10.9,0,6,4,evening,mobile,0,0.368
S0525,13.2,3,57.2,3,1,1,morning,mobile,0,0.227
S0526,20.9,19,12.6,0,7,1,evening,tablet,0,0.908
S0527,23.7,17,12.7,0,6,3,afternoon,mobile,1,0.717
S0528,9.4,5,56.2,1,1,1,late_night,mobile,1,0.534
S0529,55.2,2,100.0,9,2,0,afternoon,desktop,1,0.036
S0530,14.5,13,13.5,0,8,4,evening,mobile,0,0.898
S0531,2.4,2,6.6,8,1,0,late_night,tablet,1,0.831
S0532,47.2,2,99.3,9,1,0,morning,desktop,0,0.042
S0533,9.7,6,71.7,2,1,1,evening,mobile,0,0.62
S0534,4.6,1,8.3,8,2,0,morning,desktop,1,0.218
S0535,21.6,18,17.0,1,9,1,afternoon,mobile,0,0.832
S0536,7.1,5,67.2,1,2,1,evening,mobile,0,0.706
S0537,3.7,1,17.9,9,2,0,morning,desktop,0,0.272
S0538,10.6,6,51.5,2,3,1,morning,mobile,0,0.568
S0539,12.3,4,54.1,1,2,1,evening,mobile,1,0.325
S0540,50.1,3,92.9,9,2,0,afternoon,desktop,1,0.06
S0541,4.5,1,13.8,6,2,0,evening,mobile,1,0.221
S0542,8.2,4,25.0,3,1,0,morning,mobile,0,0.491
S0543,45.5,2,89.0,11,1,0,morning,desktop,1,0.044
S0544,24.3,11,12.0,1,5,1,evening,mobile,0,0.453
S0545,5.9,1,8.5,6,1,0,morning,mobile,0,0.169
S0546,15.1,6,47.9,3,3,0,late_night,mobile,0,0.398
S0547,28.1,13,19.0,0,7,4,afternoon,mobile,0,0.463
S0548,19.7,11,11.8,1,7,3,afternoon,tablet,0,0.557
S0549,24.2,10,15.2,1,8,2,afternoon,mobile,0,0.413
S0550,45.9,4,93.9,9,1,0,morning,desktop,1,0.087
S0551,24.7,17,16.6,1,7,1,evening,mobile,0,0.687
S0552,3.0,2,11.2,8,1,0,afternoon,tablet,0,0.675
S0553,18.2,10,13.9,1,8,1,afternoon,mobile,0,0.55
S0554,3.0,2,2.0,9,2,0,evening,desktop,1,0.664
S0555,25.9,18,10.7,0,6,4,evening,mobile,0,0.695
S0556,57.6,3,88.3,12,2,0,morning,desktop,0,0.052
S0557,54.9,2,87.0,8,2,0,morning,desktop,1,0.036
S0558,6.8,1,2.0,7,1,0,morning,mobile,0,0.148
S0559,11.2,3,41.6,3,3,1,late_night,mobile,0,0.268
S0560,54.2,2,89.0,7,1,0,morning,desktop,1,0.037
S0561,44.7,2,91.9,6,1,0,morning,desktop,1,0.045
S0562,43.7,3,92.0,7,1,0,afternoon,desktop,1,0.069
S0563,35.1,10,20.6,1,8,4,afternoon,mobile,0,0.285
S0564,6.2,2,2.0,8,1,0,evening,tablet,1,0.32
S0565,12.6,10,4.5,0,8,4,evening,mobile,0,0.794
S0566,59.3,3,96.8,13,2,0,morning,desktop,1,0.051
S0567,32.0,13,12.5,1,7,4,evening,tablet,0,0.407
S0568,21.2,13,14.2,0,9,2,afternoon,mobile,1,0.613
S0569,10.8,4,62.6,2,1,0,late_night,mobile,1,0.37
S0570,24.8,10,13.4,1,6,2,afternoon,mobile,0,0.404
S0571,24.5,14,7.1,1,7,3,afternoon,mobile,1,0.572
S0572,40.9,4,85.6,8,1,0,morning,desktop,1,0.098
S0573,5.7,2,18.8,5,1,0,late_night,mobile,1,0.349
S0574,16.7,4,41.9,1,3,0,late_night,mobile,1,0.24
S0575,47.8,3,89.8,9,2,0,morning,desktop,0,0.063
S0576,17.4,3,44.2,1,2,1,late_night,mobile,1,0.173
S0577,29.9,12,4.0,1,9,3,evening,mobile,0,0.401
S0578,41.1,2,90.9,7,1,0,afternoon,desktop,1,0.049
S0579,57.7,2,87.8,7,1,0,afternoon,desktop,1,0.035
S0580,7.0,4,35.6,1,1,1,evening,mobile,0,0.574
S0581,14.7,5,29.3,1,1,0,morning,mobile,0,0.341
S0582,24.6,17,6.4,1,5,4,afternoon,mobile,1,0.692
S0583,3.5,1,3.3,9,1,0,afternoon,tablet,1,0.284
S0584,13.9,6,41.1,2,1,1,evening,mobile,1,0.433
S0585,2.4,3,5.7,7,1,0,evening,tablet,0,1.233
S0586,25.5,14,11.3,1,8,1,evening,mobile,0,0.55
S0587,10.0,15,6.1,1,7,4,evening,mobile,0,1.671
S0588,13.6,6,40.6,3,3,0,late_night,mobile,1,0.44
S0589,65.7,2,88.6,10,1,0,afternoon,desktop,1,0.03
S0590,1.5,2,2.9,4,2,0,evening,tablet,1,2.11
S0591,25.7,11,12.2,1,9,2,evening,mobile,0,0.428
S0592,57.4,3,90.8,10,2,0,afternoon,desktop,1,0.052
S0593,49.9,3,93.0,6,1,0,morning,tablet,1,0.06
S0594,13.7,6,58.2,2,2,1,morning,mobile,0,0.437
S0595,20.1,19,9.7,1,7,3,evening,mobile,0,0.946
S0596,5.6,2,6.3,8,1,0,late_night,mobile,1,0.356
S0597,53.8,2,93.4,8,2,0,morning,desktop,1,0.037
S0598,29.0,12,20.2,1,6,2,afternoon,mobile,0,0.414
S0599,56.5,4,96.3,10,1,0,afternoon,desktop,1,0.071
S0600,45.0,2,93.2,12,1,0,morning,desktop,1,0.044
S0601,22.7,17,17.6,1,9,2,afternoon,mobile,0,0.748
S0602,25.0,16,16.9,1,5,2,evening,mobile,0,0.639
S0603,6.0,5,43.4,1,2,0,evening,mobile,0,0.836
S0604,12.7,3,26.8,3,2,1,late_night,mobile,0,0.237
S0605,7.5,2,7.7,6,1,0,late_night,desktop,0,0.266
S0606,24.5,15,8.4,1,7,4,evening,mobile,0,0.612
S0607,1.9,3,10.1,9,2,0,evening,mobile,1,1.543
S0608,20.5,17,11.1,1,5,3,evening,mobile,0,0.831
S0609,1.6,2,2.0,8,2,0,evening,tablet,0,1.264
S0610,22.1,18,15.8,0,9,1,afternoon,mobile,0,0.815
S0611,63.7,4,92.7,11,2,0,afternoon,desktop,1,0.063
S0612,22.1,16,14.9,0,5,2,afternoon,mobile,0,0.724
S0613,50.8,2,84.1,7,1,0,afternoon,desktop,0,0.039
S0614,7.2,2,12.4,7,1,0,evening,mobile,0,0.278
S0615,27.1,19,8.8,1,7,4,afternoon,mobile,0,0.701
S0616,14.3,3,57.4,2,1,0,late_night,mobile,0,0.21
S0617,22.0,13,12.1,1,5,2,evening,mobile,0,0.59
S0618,24.7,11,7.6,0,8,3,evening,mobile,0,0.446
S0619,20.0,11,8.9,0,5,3,evening,mobile,0,0.549
S0620,7.8,4,46.7,1,3,0,evening,mobile,0,0.512
S0621,4.8,2,9.4,9,1,0,late_night,tablet,1,0.418
S0622,6.8,3,2.9,4,2,0,morning,tablet,0,0.444
S0623,8.0,3,38.6,1,2,1,morning,mobile,1,0.375
S0624,42.3,4,91.9,11,2,0,morning,desktop,1,0.095
S0625,21.0,16,5.8,1,6,4,afternoon,tablet,0,0.764
S0626,20.0,17,4.4,1,7,4,evening,mobile,1,0.852
S0627,16.7,5,43.9,3,3,1,late_night,mobile,1,0.299
S0628,13.8,4,51.1,3,1,0,morning,mobile,1,0.29
S0629,51.4,2,92.1,13,1,0,afternoon,desktop,1,0.039
S0630,21.5,12,9.8,0,8,3,evening,mobile,0,0.559
S0631,26.5,15,6.7,0,7,4,evening,mobile,0,0.567
S0632,12.1,3,48.9,1,2,0,evening,mobile,1,0.249
S0633,62.2,4,96.7,13,2,0,afternoon,desktop,1,0.064
S0634,11.1,5,39.9,2,2,0,morning,mobile,1,0.451
S0635,26.9,15,16.2,0,5,4,evening,mobile,0,0.558
S0636,26.9,19,10.5,0,6,1,evening,mobile,0,0.706
S0637,16.3,13,4.0,1,7,2,evening,tablet,1,0.795
S0638,24.8,14,5.5,0,9,2,evening,mobile,0,0.565
S0639,47.5,2,84.6,8,1,0,afternoon,desktop,1,0.042
S0640,3.3,3,3.8,6,2,0,afternoon,mobile,1,0.897
S0641,3.9,3,5.7,9,1,0,afternoon,tablet,0,0.772
S0642,12.9,6,28.6,1,2,1,late_night,mobile,0,0.465
S0643,23.4,12,9.1,1,8,2,afternoon,tablet,0,0.514
S0644,3.6,3,16.3,8,1,0,afternoon,tablet,0,0.842
S0645,18.2,12,10.5,0,6,1,evening,mobile,0,0.659
S0646,9.1,3,75.0,3,1,0,late_night,mobile,0,0.331
S0647,7.1,3,4.5,6,2,0,afternoon,tablet,0,0.425
S0648,13.9,3,51.8,2,2,1,evening,mobile,0,0.216
S0649,52.1,3,98.9,8,1,0,afternoon,desktop,1,0.058
S0650,29.3,18,11.5,0,7,2,afternoon,mobile,0,0.615
S0651,51.0,2,92.4,8,2,0,afternoon,desktop,1,0.039
S0652,15.4,16,12.1,0,8,3,evening,mobile,1,1.041
S0653,57.8,4,88.9,12,1,0,afternoon,desktop,0,0.069
S0654,66.2,3,88.9,11,2,0,morning,desktop,0,0.045
S0655,61.9,3,87.9,12,2,0,morning,desktop,1,0.048
S0656,8.4,3,53.6,2,2,1,evening,mobile,0,0.357
S0657,8.4,3,53.4,2,3,0,evening,mobile,1,0.355
S0658,3.5,3,12.4,5,2,0,afternoon,mobile,0,0.863
S0659,58.8,4,87.9,9,2,0,morning,tablet,1,0.068
S0660,9.5,2,6.0,7,1,0,late_night,mobile,0,0.21
S0661,55.4,3,92.7,10,2,0,morning,desktop,1,0.054
S0662,4.5,1,2.0,5,1,0,morning,mobile,0,0.22
S0663,6.3,4,59.6,2,2,1,evening,mobile,0,0.635
S0664,18.5,10,15.9,1,9,2,afternoon,mobile,0,0.542
S0665,18.7,14,7.1,0,5,3,evening,mobile,0,0.747
S0666,11.8,4,52.0,1,2,0,evening,mobile,1,0.339
S0667,9.4,3,72.2,3,1,0,morning,mobile,1,0.32
S0668,23.3,17,8.4,0,8,2,evening,mobile,1,0.73
S0669,7.7,4,45.2,2,1,1,evening,mobile,1,0.522
S0670,63.4,3,86.5,12,2,0,afternoon,desktop,1,0.047
S0671,53.0,4,83.6,12,2,0,morning,tablet,1,0.075
S0672,44.6,4,96.5,12,1,0,afternoon,tablet,1,0.09
S0673,20.1,16,13.8,0,6,2,evening,mobile,0,0.797
S0674,61.5,4,94.8,12,1,0,afternoon,desktop,1,0.065
S0675,69.0,3,90.3,6,1,0,afternoon,desktop,1,0.043
S0676,50.1,4,91.1,11,1,0,afternoon,desktop,1,0.08
S0677,60.4,2,82.1,10,2,0,afternoon,desktop,1,0.033
S0678,23.3,16,15.8,0,9,1,afternoon,mobile,0,0.687
S0679,57.9,4,90.8,9,1,0,morning,desktop,1,0.069
S0680,59.1,4,89.1,10,1,0,morning,desktop,1,0.068
S0681,9.8,4,43.0,2,3,0,evening,mobile,0,0.408
S0682,9.8,6,37.4,3,3,1,late_night,mobile,1,0.612
S0683,51.7,2,88.4,12,2,0,afternoon,tablet,0,0.039
S0684,1.5,1,2.0,4,2,0,evening,tablet,0,0.944
S0685,25.6,14,13.9,0,5,4,afternoon,mobile,0,0.547
S0686,45.5,4,88.8,10,2,0,morning,desktop,1,0.088
S0687,4.3,1,10.8,6,1,0,late_night,mobile,1,0.233
S0688,25.3,13,4.3,1,9,1,evening,mobile,0,0.513
S0689,10.6,5,50.2,2,2,0,morning,mobile,1,0.47
S0690,10.8,4,53.0,3,1,0,morning,mobile,0,0.371
S0691,4.6,3,2.0,4,2,0,evening,desktop,1,0.656
S0692,22.0,10,18.0,0,5,2,evening,mobile,1,0.454
S0693,19.0,10,14.0,1,6,1,afternoon,mobile,0,0.526
S0694,9.9,6,42.6,2,1,0,evening,mobile,0,0.607
S0695,13.1,19,17.4,1,7,1,evening,mobile,0,1.448
S0696,20.2,19,4.0,0,9,3,evening,mobile,0,0.94
S0697,2.9,1,18.0,6,2,0,afternoon,mobile,0,0.342
S0698,1.8,3,11.0,9,1,0,morning,tablet,1,1.65
S0699,1.5,2,12.2,6,1,0,late_night,tablet,0,1.87
S0700,11.4,5,40.5,1,3,1,late_night,mobile,1,0.438
S0701,47.7,4,85.4,9,1,0,morning,desktop,1,0.084
S0702,10.8,6,33.0,2,1,0,late_night,mobile,0,0.554
S0703,45.7,3,89.6,13,2,0,afternoon,desktop,0,0.066
S0704,27.8,17,8.0,0,6,3,evening,mobile,0,0.61
S0705,22.4,18,17.8,0,7,4,afternoon,mobile,1,0.804
S0706,53.6,2,87.2,6,1,0,morning,desktop,1,0.037
S0707,53.0,2,87.2,6,1,0,morning,desktop,1,0.038
S0708,17.4,10,14.8,1,5,2,afternoon,mobile,0,0.574
S0709,44.6,3,92.2,12,2,0,afternoon,desktop,1,0.067
S0710,16.6,12,11.1,1,8,1,afternoon,mobile,0,0.724
S0711,25.3,13,17.4,0,6,2,evening,tablet,1,0.515
S0712,23.8,18,6.3,0,6,3,evening,mobile,1,0.755
S0713,42.4,3,93.4,7,1,0,morning,desktop,1,0.071
S0714,5.1,3,2.0,5,1,0,morning,mobile,1,0.593
S0715,35.0,2,88.3,9,1,0,afternoon,desktop,1,0.058
S0716,51.0,3,88.4,9,1,0,afternoon,desktop,1,0.059
S0717,11.3,5,63.5,3,1,1,morning,mobile,0,0.444
S0718,39.6,4,91.9,12,1,0,afternoon,desktop,1,0.101
S0719,16.4,18,13.1,1,5,2,evening,tablet,0,1.095
S0720,45.9,3,100.0,11,1,0,afternoon,tablet,1,0.065
S0721,27.3,12,8.5,0,9,4,afternoon,mobile,1,0.44
S0722,11.6,5,69.2,2,2,0,evening,mobile,1,0.432
S0723,8.5,6,47.6,2,1,1,late_night,mobile,0,0.704
S0724,5.8,1,7.2,8,2,0,morning,tablet,0,0.173
S0725,6.6,5,60.9,1,3,0,morning,mobile,0,0.752
S0726,56.3,2,92.3,11,1,0,morning,desktop,1,0.035
S0727,49.1,4,89.2,11,2,0,afternoon,desktop,1,0.081
S0728,11.1,3,43.4,1,3,0,evening,mobile,1,0.27
S0729,50.0,2,88.9,6,1,0,afternoon,desktop,1,0.04
S0730,2.0,2,18.3,9,1,0,late_night,mobile,0,1.011
S0731,55.6,2,92.0,12,2,0,morning,desktop,1,0.036
S0732,24.1,19,13.0,1,7,4,evening,mobile,0,0.789
S0733,7.2,3,16.2,5,2,0,afternoon,tablet,1,0.415
S0734,25.7,19,13.3,1,8,3,afternoon,mobile,0,0.741
S0735,55.7,4,89.2,13,1,0,afternoon,desktop,1,0.072
S0736,67.9,4,88.4,12,2,0,afternoon,desktop,1,0.059
S0737,46.7,2,92.0,7,2,0,afternoon,desktop,0,0.043
S0738,21.0,13,8.5,1,7,2,evening,mobile,0,0.618
S0739,26.8,15,14.7,0,7,2,afternoon,mobile,0,0.559
S0740,60.8,4,89.2,13,2,0,morning,desktop,1,0.066
S0741,54.3,3,100.0,7,1,0,afternoon,desktop,1,0.055
S0742,21.4,18,6.2,1,7,1,evening,mobile,1,0.842
S0743,19.5,15,4.0,1,8,1,evening,mobile,0,0.768
S0744,8.4,6,71.7,2,2,0,evening,mobile,0,0.715
S0745,10.6,4,46.2,3,1,1,morning,mobile,1,0.379
S0746,48.9,3,91.3,6,2,0,morning,desktop,1,0.061
S0747,24.9,12,11.5,1,6,3,afternoon,mobile,0,0.481
S0748,35.0,2,90.4,13,2,0,afternoon,desktop,1,0.07
S0749,3.6,3,9.6,8,1,0,morning,tablet,0,0.836
S0750,5.9,3,39.0,1,3,0,morning,mobile,1,0.508
S0751,5.9,3,15.5,5,1,0,late_night,mobile,0,0.51
S0752,58.7,3,88.1,13,1,0,afternoon,desktop,1,0.051
S0753,4.7,3,9.7,7,1,0,evening,tablet,1,0.64
S0754,6.2,2,17.5,5,2,0,evening,tablet,1,0.323
S0755,22.1,17,13.9,1,6,2,evening,mobile,0,0.768
S0756,23.2,12,15.0,1,5,3,afternoon,mobile,1,0.517
S0757,57.7,3,90.6,11,2,0,afternoon,tablet,1,0.052
S0758,6.2,1,2.9,6,1,0,morning,desktop,1,0.161
S0759,39.1,4,88.4,13,1,0,morning,desktop,1,0.102
S0760,53.1,3,88.2,7,1,0,afternoon,desktop,1,0.057
S0761,41.5,3,97.2,11,2,0,morning,desktop,1,0.072
S0762,6.5,1,10.7,9,1,0,late_night,desktop,0,0.153
S0763,27.6,10,13.2,1,8,4,evening,mobile,1,0.362
S0764,55.6,3,91.5,11,1,0,afternoon,desktop,1,0.054
S0765,12.2,5,56.0,3,3,0,late_night,mobile,0,0.409
S0766,11.2,5,38.1,1,2,0,evening,mobile,0,0.445
S0767,65.8,4,99.0,7,2,0,morning,desktop,1,0.061
S0768,48.5,4,90.7,10,1,0,afternoon,desktop,1,0.083
S0769,11.6,6,66.1,2,3,1,evening,mobile,1,0.519
S0770,42.5,3,88.7,12,1,0,morning,desktop,1,0.071
S0771,14.0,6,30.5,3,2,0,morning,mobile,1,0.429
S0772,15.5,14,6.7,0,5,3,evening,mobile,0,0.901
S0773,31.0,19,18.4,0,8,1,evening,mobile,1,0.612
S0774,24.1,13,11.5,1,5,2,evening,mobile,1,0.539
S0775,33.8,18,10.8,0,5,3,evening,mobile,0,0.532
S0776,5.7,6,55.3,2,3,1,evening,mobile,0,1.045
S0777,8.3,3,2.0,6,2,0,afternoon,mobile,0,0.362
S0778,12.3,4,44.2,1,3,1,morning,mobile,1,0.325
S0779,14.9,4,50.2,1,3,0,late_night,mobile,0,0.269
S0780,49.3,3,82.5,9,1,0,morning,tablet,1,0.061
S0781,44.7,3,91.4,12,1,0,morning,desktop,1,0.067
S0782,10.0,4,42.3,1,3,0,morning,mobile,1,0.399
S0783,65.3,3,82.7,10,1,0,morning,desktop,1,0.046
S0784,26.4,17,6.8,1,6,4,evening,tablet,0,0.644
S0785,13.7,6,43.3,1,2,0,late_night,mobile,0,0.438
S0786,16.9,14,8.5,0,5,3,afternoon,mobile,0,0.828
S0787,9.3,6,45.4,3,1,0,late_night,mobile,0,0.646
S0788,8.0,2,2.0,9,1,0,evening,desktop,0,0.25
S0789,24.3,12,16.3,0,8,3,afternoon,mobile,1,0.494
S0790,24.4,19,13.6,0,6,1,afternoon,mobile,1,0.778
S0791,22.3,10,20.8,1,5,4,afternoon,tablet,0,0.447
S0792,11.3,6,59.5,1,2,1,morning,mobile,1,0.531
S0793,8.3,6,43.2,1,3,0,morning,mobile,0,0.721
S0794,8.9,6,51.3,3,2,1,evening,mobile,0,0.675
S0795,24.8,11,17.4,0,9,3,evening,tablet,1,0.444
S0796,3.0,1,12.9,4,1,0,morning,desktop,0,0.33
S0797,12.2,3,25.0,1,1,0,evening,mobile,1,0.245
S0798,4.1,3,17.2,9,2,0,evening,desktop,0,0.729
S0799,50.5,3,90.9,11,2,0,afternoon,desktop,1,0.059
S0800,18.9,13,11.4,1,7,4,afternoon,mobile,0,0.69
S0801,1.6,1,2.0,9,2,0,morning,mobile,0,0.609
S0802,25.4,14,10.0,1,6,1,afternoon,mobile,1,0.55
S0803,16.0,5,27.4,3,3,0,late_night,mobile,1,0.313
S0804,5.2,5,56.9,3,2,0,evening,mobile,1,0.962
S0805,42.0,2,91.6,12,1,0,morning,tablet,1,0.048
S0806,58.0,2,90.8,12,1,0,afternoon,desktop,0,0.035
S0807,17.4,13,17.3,0,7,1,afternoon,mobile,0,0.747
S0808,6.4,3,7.1,8,2,0,afternoon,tablet,1,0.466
S0809,46.0,4,92.0,11,1,0,morning,desktop,0,0.087
S0810,37.5,3,87.4,13,2,0,morning,desktop,1,0.08
S0811,59.0,3,95.6,6,1,0,morning,desktop,1,0.051
S0812,6.9,2,4.9,9,1,0,morning,desktop,0,0.291
S0813,60.6,3,88.2,9,1,0,morning,desktop,1,0.049
S0814,3.8,3,5.0,7,1,0,afternoon,tablet,0,0.789
S0815,62.3,3,80.6,11,1,0,morning,desktop,1,0.048
S0816,12.7,6,49.2,2,2,1,evening,mobile,0,0.471
S0817,40.7,3,88.7,9,1,0,afternoon,tablet,1,0.074
S0818,6.2,3,7.5,9,2,0,afternoon,desktop,1,0.481
S0819,6.9,6,28.1,1,3,0,evening,mobile,0,0.875
S0820,56.9,3,95.4,13,2,0,afternoon,desktop,1,0.053
S0821,17.2,14,11.3,1,6,3,evening,tablet,0,0.813
S0822,15.2,5,71.9,3,2,0,morning,mobile,0,0.329
S0823,15.8,11,15.8,0,8,2,evening,mobile,0,0.696
S0824,47.6,2,97.3,10,1,0,afternoon,tablet,1,0.042
S0825,25.5,13,7.2,0,7,2,afternoon,mobile,0,0.51
S0826,20.9,14,17.6,0,9,4,afternoon,mobile,0,0.67
S0827,12.3,3,44.6,2,2,1,morning,mobile,1,0.243
S0828,5.7,3,4.7,9,2,0,evening,mobile,0,0.529
S0829,23.2,12,6.3,1,8,3,evening,mobile,0,0.518
S0830,5.4,3,12.2,7,2,0,afternoon,mobile,1,0.559
S0831,8.8,4,38.4,1,1,1,late_night,mobile,1,0.452
S0832,23.3,10,12.6,0,6,3,afternoon,mobile,0,0.429
S0833,15.3,15,18.0,0,9,1,afternoon,mobile,1,0.98
S0834,4.8,1,8.4,5,2,0,morning,mobile,1,0.209
S0835,54.3,2,84.7,11,2,0,morning,desktop,1,0.037
S0836,26.4,17,12.7,1,9,1,afternoon,mobile,0,0.643
S0837,13.0,6,55.9,1,3,0,evening,mobile,1,0.462
S0838,15.7,18,13.9,1,8,2,evening,mobile,0,1.145
S0839,7.7,1,15.1,5,2,0,evening,mobile,1,0.13
S0840,20.1,13,15.6,0,8,2,afternoon,tablet,0,0.648
S0841,17.8,14,11.7,1,7,1,evening,tablet,0,0.784
S0842,65.1,2,92.0,10,2,0,morning,desktop,1,0.031
S0843,8.8,3,8.2,5,2,0,late_night,mobile,1,0.341
S0844,21.7,16,15.3,1,5,4,afternoon,mobile,0,0.739
S0845,14.4,6,35.0,3,3,1,morning,mobile,0,0.418
S0846,7.9,3,37.7,3,2,1,evening,mobile,1,0.38
S0847,12.6,6,39.5,2,2,1,morning,mobile,0,0.476
S0848,7.5,5,64.0,3,2,1,morning,mobile,0,0.666
S0849,2.7,1,4.8,8,1,0,afternoon,mobile,0,0.371
S0850,58.9,2,92.4,12,1,0,afternoon,desktop,1,0.034
S0851,10.9,3,67.4,1,1,1,late_night,mobile,1,0.274
S0852,20.9,16,13.4,0,6,1,afternoon,mobile,0,0.767
S0853,8.9,6,45.8,1,3,1,morning,mobile,0,0.677
S0854,49.4,4,89.5,9,2,0,afternoon,desktop,0,0.081
S0855,15.8,10,12.9,1,9,2,evening,mobile,1,0.634
S0856,21.9,10,12.7,1,6,4,evening,mobile,0,0.456
S0857,57.7,3,88.6,6,2,0,afternoon,desktop,1,0.052
S0858,10.6,3,44.9,3,1,1,evening,mobile,1,0.284
S0859,9.7,3,61.2,1,1,1,evening,mobile,1,0.308
S0860,6.6,5,32.9,1,3,1,late_night,mobile,0,0.756
S0861,56.0,2,88.8,8,1,0,afternoon,desktop,1,0.036
S0862,5.0,6,53.8,1,1,0,morning,mobile,1,1.254
S0863,65.1,2,83.4,13,1,0,morning,desktop,1,0.031
S0864,18.7,3,43.8,2,3,0,evening,mobile,0,0.16
S0865,11.0,5,48.1,3,3,0,late_night,mobile,1,0.455
S0866,37.5,2,89.5,6,1,0,afternoon,desktop,0,0.053
S0867,13.4,12,8.4,1,7,2,evening,mobile,0,0.897
S0868,10.0,3,59.8,3,3,1,late_night,mobile,1,0.3
S0869,17.7,6,71.4,1,3,0,evening,mobile,0,0.339
S0870,14.7,3,45.9,2,3,1,late_night,mobile,1,0.203
S0871,5.6,3,11.4,6,2,0,afternoon,tablet,1,0.539
S0872,18.7,19,19.4,0,5,4,afternoon,mobile,0,1.017
S0873,25.9,17,5.9,1,5,4,afternoon,mobile,0,0.656
S0874,2.6,3,6.4,5,1,0,afternoon,mobile,1,1.159
S0875,52.6,4,94.1,7,2,0,afternoon,desktop,1,0.076
S0876,9.6,3,41.1,1,1,1,morning,mobile,1,0.313
S0877,45.6,4,84.3,7,2,0,morning,desktop,1,0.088
S0878,6.0,1,8.7,6,2,0,evening,desktop,1,0.166
S0879,6.4,2,13.8,9,2,0,morning,mobile,1,0.314
S0880,60.6,2,87.5,7,1,0,afternoon,desktop,1,0.033
S0881,35.0,4,90.2,6,2,0,morning,desktop,1,0.117
S0882,56.7,2,96.2,11,1,0,morning,desktop,1,0.035
S0883,20.8,13,12.7,0,9,2,evening,tablet,0,0.624
S0884,12.5,6,63.8,1,1,0,late_night,mobile,1,0.482
S0885,10.5,4,51.4,3,2,0,morning,mobile,0,0.383
S0886,24.9,19,14.3,1,6,2,afternoon,mobile,0,0.764
S0887,12.6,4,51.8,1,2,1,evening,mobile,0,0.317
S0888,20.4,14,4.0,0,5,4,evening,mobile,1,0.686
S0889,15.0,6,54.8,2,2,0,late_night,mobile,0,0.399
S0890,56.3,3,89.8,7,2,0,afternoon,tablet,1,0.053
S0891,13.6,4,37.3,2,2,1,evening,mobile,0,0.295
S0892,23.4,15,12.5,0,7,4,evening,mobile,0,0.641
S0893,27.7,19,20.3,1,9,2,evening,mobile,0,0.686
S0894,52.9,2,85.9,10,1,0,afternoon,desktop,1,0.038
S0895,28.2,17,12.7,1,7,4,evening,mobile,1,0.603
S0896,10.4,5,55.3,1,2,1,evening,mobile,1,0.483
S0897,23.0,18,13.0,0,5,1,afternoon,mobile,0,0.783
S0898,6.2,1,3.5,6,2,0,late_night,mobile,0,0.16
S0899,39.3,3,92.8,6,2,0,afternoon,desktop,1,0.076
S0900,22.3,11,8.8,0,7,2,afternoon,mobile,1,0.494
S0901,56.5,3,87.2,10,2,0,morning,desktop,1,0.053
S0902,56.7,4,98.9,11,1,0,afternoon,desktop,0,0.071
S0903,5.0,3,59.4,2,2,1,evening,mobile,0,0.639
S0904,8.8,4,42.6,3,2,1,late_night,mobile,1,0.457
S0905,4.0,1,13.0,9,2,0,morning,mobile,0,0.252
S0906,18.6,14,8.3,0,6,1,evening,mobile,1,0.754
S0907,4.7,1,9.6,8,2,0,morning,desktop,0,0.212
S0908,49.2,2,94.3,8,1,0,afternoon,desktop,1,0.041
S0909,14.5,17,7.0,1,9,2,evening,mobile,0,1.171
S0910,5.1,3,8.4,6,2,0,late_night,mobile,0,0.592
S0911,6.1,3,27.6,3,1,1,evening,mobile,1,0.491
S0912,5.1,2,18.6,6,2,0,evening,mobile,0,0.391
S0913,51.3,3,90.1,6,2,0,morning,tablet,1,0.058
S0914,24.4,15,7.3,0,9,2,evening,mobile,1,0.616
S0915,71.7,3,95.7,13,2,0,afternoon,desktop,1,0.042
S0916,5.0,3,35.2,3,2,0,evening,mobile,0,0.886
S0917,24.3,15,11.1,0,8,4,afternoon,mobile,0,0.617
S0918,5.9,3,51.8,2,1,0,late_night,mobile,1,0.511
S0919,25.4,16,13.8,0,6,1,evening,tablet,0,0.63
S0920,52.9,2,83.5,8,1,0,afternoon,desktop,1,0.038
S0921,4.7,2,10.2,6,2,0,evening,tablet,0,0.425
S0922,44.3,2,96.1,12,1,0,afternoon,desktop,1,0.045
S0923,17.2,6,59.6,3,3,0,late_night,mobile,0,0.35
S0924,13.5,4,39.2,2,1,0,evening,mobile,0,0.295
S0925,15.7,17,8.9,1,5,4,evening,tablet,0,1.082
S0926,24.3,16,9.6,1,8,2,evening,mobile,0,0.658
S0927,60.3,3,88.8,10,1,0,morning,desktop,1,0.05
S0928,46.2,2,100.0,13,2,0,morning,desktop,1,0.043
S0929,23.6,16,8.2,0,7,1,evening,mobile,0,0.677
S0930,52.6,4,84.9,11,2,0,afternoon,desktop,1,0.076
S0931,44.5,4,96.9,6,2,0,afternoon,desktop,1,0.09
S0932,4.5,1,13.7,6,1,0,morning,tablet,1,0.222
S0933,62.4,4,96.9,13,1,0,morning,desktop,1,0.064
S0934,2.8,3,2.0,4,1,0,late_night,mobile,1,1.063
S0935,11.1,6,25.0,1,2,0,morning,mobile,1,0.539
S0936,15.7,12,10.7,0,9,4,evening,tablet,0,0.762
S0937,2.6,3,7.3,7,2,0,late_night,mobile,0,1.162
S0938,13.0,3,33.4,3,3,0,morning,mobile,0,0.232
S0939,58.2,3,91.9,6,1,0,morning,tablet,1,0.052
S0940,21.4,14,6.6,1,9,2,afternoon,mobile,0,0.655
S0941,6.4,3,2.0,8,2,0,evening,desktop,1,0.468
S0942,55.7,2,93.5,9,2,0,morning,desktop,1,0.036
S0943,14.0,11,16.3,0,6,2,evening,tablet,0,0.788
S0944,60.7,4,91.8,7,1,0,morning,desktop,1,0.066
S0945,46.6,3,88.9,10,2,0,morning,desktop,1,0.064
S0946,19.6,15,13.1,0,6,4,afternoon,mobile,0,0.767
S0947,40.8,3,91.9,9,1,0,morning,desktop,1,0.074
S0948,8.2,2,9.6,7,2,0,evening,tablet,0,0.244
S0949,4.0,1,13.2,7,1,0,morning,mobile,0,0.25
S0950,11.7,5,34.6,1,3,1,late_night,mobile,1,0.427
S0951,4.8,1,6.4,6,1,0,afternoon,tablet,0,0.21
S0952,45.2,4,84.3,6,2,0,morning,desktop,1,0.088
S0953,69.1,2,92.5,7,1,0,afternoon,desktop,1,0.029
S0954,26.1,13,13.7,0,9,2,evening,mobile,0,0.497
S0955,55.1,2,91.1,6,2,0,afternoon,desktop,1,0.036
S0956,22.2,19,4.8,1,5,3,evening,mobile,0,0.857
S0957,1.6,1,8.7,5,2,0,late_night,desktop,0,0.609
S0958,8.0,1,2.0,4,1,0,evening,tablet,0,0.126
S0959,15.2,5,27.8,2,3,1,evening,mobile,1,0.33
S0960,17.5,13,8.5,0,9,1,evening,mobile,0,0.743
S0961,7.1,3,38.9,1,2,1,late_night,mobile,0,0.42
S0962,66.1,4,86.1,9,1,0,afternoon,desktop,1,0.061
S0963,1.5,3,2.0,7,2,0,morning,desktop,0,15.383
S0964,24.5,17,19.4,1,7,2,evening,mobile,0,0.695
S0965,17.9,12,10.9,0,7,4,afternoon,mobile,0,0.671
S0966,16.4,13,13.6,1,9,4,evening,mobile,0,0.793
S0967,15.5,3,58.1,2,3,0,late_night,mobile,0,0.193
S0968,71.3,2,93.3,7,1,0,morning,desktop,1,0.028
S0969,21.8,18,4.0,1,7,1,evening,mobile,0,0.827
S0970,49.2,4,99.9,11,2,0,afternoon,desktop,1,0.081
S0971,62.4,4,96.5,9,1,0,morning,desktop,1,0.064
S0972,42.4,4,94.6,13,1,0,morning,desktop,1,0.094
S0973,3.2,1,6.1,9,1,0,morning,mobile,1,0.316
S0974,58.2,2,83.1,9,1,0,morning,desktop,1,0.034
S0975,5.1,1,6.2,4,1,0,evening,tablet,0,0.194
S0976,11.0,3,62.2,1,1,1,evening,mobile,0,0.272
S0977,58.4,2,99.3,7,1,0,morning,desktop,0,0.034
S0978,53.5,2,96.2,11,2,0,afternoon,desktop,1,0.037
S0979,20.8,17,12.8,1,6,4,evening,mobile,1,0.816
S0980,54.3,4,88.3,9,1,0,afternoon,desktop,1,0.074
S0981,40.0,2,88.6,8,2,0,morning,desktop,1,0.05
S0982,30.4,16,19.9,1,9,2,evening,mobile,0,0.527
S0983,10.0,6,44.2,1,1,1,evening,mobile,0,0.603
S0984,6.1,2,14.0,6,1,0,evening,tablet,0,0.33
S0985,2.7,3,5.4,7,2,0,evening,mobile,0,1.127
S0986,20.0,13,10.2,0,5,3,evening,mobile,1,0.651
S0987,21.1,10,10.7,0,6,2,afternoon,mobile,1,0.474
S0988,10.6,5,52.2,3,1,1,evening,mobile,1,0.473
S0989,6.5,4,39.1,2,1,1,late_night,mobile,0,0.611
S0990,47.1,3,94.9,12,1,0,afternoon,desktop,0,0.064
S0991,9.3,4,54.3,1,1,0,late_night,mobile,0,0.431
S0992,11.7,4,75.0,3,1,0,evening,mobile,1,0.341
S0993,55.3,4,93.4,6,1,0,afternoon,desktop,1,0.072
S0994,5.8,5,47.4,1,3,0,morning,mobile,1,0.86
S0995,7.0,2,7.1,8,1,0,late_night,desktop,1,0.287
S0996,54.0,2,92.0,7,1,0,morning,desktop,1,0.037
S0997,24.2,17,9.8,1,9,4,evening,tablet,0,0.703
S0998,15.6,4,29.8,1,3,1,morning,mobile,1,0.257
S0999,4.6,1,11.7,7,2,0,evening,tablet,0,0.215
S1000,15.8,16,5.7,0,7,3,afternoon,mobile,1,1.012
S1001,12.4,10,13.6,0,6,1,afternoon,mobile,0,0.806
S1002,18.1,17,12.4,1,9,1,evening,mobile,0,0.941
S1003,3.9,2,17.4,9,2,0,morning,tablet,1,0.513
S1004,22.0,17,13.5,0,7,4,afternoon,mobile,0,0.773
S1005,49.7,3,95.4,11,1,0,morning,desktop,1,0.06
S1006,59.4,2,91.3,8,2,0,morning,desktop,1,0.034
S1007,10.9,6,46.7,2,2,1,late_night,mobile,0,0.551
S1008,52.4,4,96.4,6,1,0,morning,desktop,1,0.076
S1009,24.4,14,14.2,1,5,1,afternoon,mobile,1,0.573
S1010,21.1,17,10.8,0,7,1,evening,mobile,1,0.805
S1011,19.3,19,7.5,1,9,4,evening,mobile,0,0.983
S1012,52.1,4,87.1,6,1,0,morning,desktop,1,0.077
S1013,43.8,2,99.4,10,1,0,morning,desktop,1,0.046
S1014,4.0,1,8.5,7,2,0,morning,mobile,1,0.251
S1015,5.7,2,11.6,5,1,0,morning,mobile,0,0.353
S1016,54.2,3,97.9,7,1,0,afternoon,desktop,1,0.055
S1017,1.5,2,19.0,7,1,0,morning,tablet,0,3.096
S1018,15.9,4,33.8,2,3,0,late_night,mobile,1,0.252
S1019,27.3,10,11.5,0,9,2,afternoon,mobile,0,0.366
S1020,50.3,4,100.0,11,2,0,morning,desktop,1,0.079
S1021,4.5,1,11.9,9,2,0,evening,tablet,1,0.222
S1022,62.5,3,98.3,7,2,0,morning,desktop,1,0.048
S1023,6.2,2,2.0,7,1,0,morning,tablet,0,0.322
S1024,13.2,4,49.1,3,1,0,evening,mobile,0,0.304
S1025,5.5,6,31.5,2,3,1,evening,mobile,0,1.098
S1026,5.1,1,5.3,9,1,0,morning,tablet,0,0.197
S1027,52.6,2,86.4,12,2,0,afternoon,desktop,1,0.038
S1028,53.9,3,86.7,11,1,0,afternoon,desktop,1,0.056
S1029,23.7,18,5.8,1,9,1,evening,mobile,0,0.759
S1030,3.6,1,18.4,4,2,0,evening,tablet,1,0.28
S1031,8.4,5,36.6,3,3,1,late_night,mobile,0,0.594
S1032,11.9,4,51.2,3,2,0,late_night,mobile,0,0.336
S1033,29.2,12,16.4,1,5,3,evening,mobile,0,0.411
S1034,59.7,2,93.6,7,1,0,afternoon,desktop,0,0.033
S1035,10.3,4,50.9,3,1,1,morning,mobile,0,0.387
S1036,25.0,18,14.1,0,5,1,evening,mobile,0,0.719
S1037,24.8,13,18.2,0,6,2,afternoon,mobile,0,0.524
S1038,23.6,15,12.9,0,9,1,afternoon,mobile,0,0.635
S1039,5.1,3,7.8,9,2,0,late_night,mobile,0,0.586
S1040,18.2,11,18.3,0,6,3,evening,mobile,0,0.606
S1041,15.7,15,15.2,0,9,3,afternoon,mobile,0,0.955
S1042,9.3,5,28.7,3,1,1,morning,mobile,1,0.538
S1043,19.3,17,15.4,1,5,4,evening,mobile,0,0.883
S1044,50.3,4,98.5,6,1,0,afternoon,desktop,1,0.08
S1045,20.4,19,18.9,1,5,1,afternoon,tablet,0,0.931
S1046,6.0,3,7.6,4,1,0,evening,tablet,0,0.499
S1047,8.0,5,54.6,3,2,1,evening,mobile,1,0.622
S1048,24.0,11,9.2,1,5,1,evening,mobile,0,0.458
S1049,6.2,2,5.4,8,2,0,afternoon,tablet,0,0.325
S1050,56.6,3,89.7,12,2,0,afternoon,desktop,1,0.053
S1051,8.9,5,74.3,1,3,0,late_night,mobile,0,0.559
S1052,11.8,6,45.3,2,3,1,late_night,mobile,1,0.51
S1053,6.5,2,13.7,5,1,0,morning,mobile,0,0.308
S1054,15.2,11,15.4,1,5,3,evening,mobile,0,0.722
S1055,21.9,14,13.5,0,6,1,evening,mobile,0,0.638
S1056,47.8,3,97.0,8,2,0,afternoon,desktop,1,0.063
S1057,30.3,15,9.7,0,7,1,evening,tablet,0,0.495
S1058,71.2,3,86.0,11,2,0,afternoon,desktop,0,0.042
S1059,23.3,19,7.8,0,7,2,evening,mobile,0,0.815
S1060,2.9,2,5.1,9,2,0,evening,mobile,1,0.681
S1061,1.9,1,2.1,9,2,0,morning,mobile,0,0.531
S1062,19.5,15,13.1,0,5,2,evening,mobile,1,0.77
S1063,14.1,5,59.4,1,2,0,evening,mobile,1,0.355
S1064,57.9,4,88.3,11,1,0,morning,tablet,1,0.069
S1065,10.4,6,57.9,1,2,1,evening,mobile,0,0.578
S1066,7.2,3,39.9,1,3,1,evening,mobile,1,0.419
S1067,45.6,4,90.1,13,1,0,afternoon,desktop,1,0.088
S1068,50.7,2,94.0,11,1,0,morning,desktop,1,0.039
S1069,4.9,1,10.3,4,2,0,late_night,tablet,1,0.203
S1070,11.8,6,55.2,3,2,1,evening,mobile,0,0.509
S1071,23.7,15,9.3,0,9,2,evening,tablet,0,0.632
S1072,11.0,4,57.1,1,3,0,morning,mobile,1,0.364
S1073,20.4,18,11.7,0,5,4,afternoon,tablet,0,0.881
S1074,8.0,2,5.2,8,1,0,morning,desktop,0,0.251
S1075,22.4,12,12.6,0,7,3,afternoon,mobile,0,0.535
S1076,12.0,5,28.6,2,1,0,morning,mobile,0,0.416
S1077,25.4,10,15.8,1,8,2,evening,mobile,0,0.394
S1078,52.6,2,80.0,10,2,0,morning,desktop,1,0.038
S1079,51.8,3,100.0,6,1,0,afternoon,desktop,1,0.058
S1080,9.1,2,10.3,6,2,0,morning,desktop,1,0.219
S1081,44.6,3,96.8,11,1,0,afternoon,desktop,1,0.067
S1082,14.9,19,7.6,0,7,4,afternoon,mobile,0,1.277
S1083,12.7,12,16.1,1,5,1,evening,mobile,0,0.947
S1084,49.9,3,94.5,12,2,0,afternoon,desktop,1,0.06
S1085,13.2,4,60.1,3,1,0,late_night,mobile,0,0.302
S1086,6.4,2,9.8,4,2,0,morning,mobile,0,0.313
S1087,7.7,6,51.4,1,3,1,evening,mobile,0,0.778
S1088,7.7,1,7.8,7,1,0,evening,desktop,0,0.13
S1089,49.1,4,80.0,9,2,0,morning,desktop,0,0.082
S1090,8.3,5,33.1,3,2,1,evening,mobile,1,0.6
S1091,10.1,4,32.5,3,2,0,evening,mobile,1,0.398
S1092,17.8,10,6.5,0,6,4,afternoon,tablet,0,0.561
S1093,5.2,3,31.6,1,3,1,evening,mobile,1,0.573
S1094,54.1,3,84.6,9,2,0,afternoon,desktop,1,0.055
S1095,9.0,3,12.0,4,2,0,late_night,mobile,1,0.335
S1096,4.5,2,7.9,7,1,0,evening,mobile,0,0.444
S1097,34.1,11,17.6,1,7,3,afternoon,mobile,0,0.322
S1098,24.9,19,18.0,1,6,1,evening,mobile,0,0.764
S1099,24.5,17,15.4,0,6,4,evening,tablet,0,0.694
S1100,3.4,1,8.4,7,2,0,evening,tablet,0,0.292
S1101,31.9,17,14.0,0,7,4,afternoon,mobile,0,0.533
S1102,25.3,11,10.6,0,5,2,evening,tablet,0,0.434
S1103,10.0,11,15.4,1,5,4,evening,mobile,0,1.247
S1104,23.6,11,14.2,0,8,1,afternoon,mobile,0,0.466
S1105,26.5,19,10.1,0,7,3,afternoon,mobile,1,0.718
S1106,9.1,5,37.1,2,1,0,late_night,mobile,0,0.552
S1107,5.4,1,8.1,8,2,0,late_night,mobile,1,0.186
S1108,24.2,16,15.7,0,9,3,afternoon,tablet,0,0.662
S1109,51.7,2,96.5,12,1,0,afternoon,desktop,1,0.039
S1110,26.1,19,17.5,1,6,4,evening,mobile,0,0.729
S1111,14.4,3,27.5,1,3,1,late_night,mobile,0,0.208
S1112,12.1,6,42.9,3,1,1,late_night,mobile,0,0.495
S1113,58.8,4,89.3,10,1,0,morning,desktop,1,0.068
S1114,29.7,19,11.6,0,5,4,evening,mobile,0,0.64
S1115,12.8,16,12.7,0,8,4,evening,mobile,0,1.253
S1116,45.0,3,91.7,10,1,0,afternoon,desktop,1,0.067
S1117,48.0,3,98.0,6,1,0,afternoon,desktop,1,0.062
S1118,26.1,17,11.6,1,6,1,evening,mobile,0,0.651
S1119,14.2,6,72.8,3,2,0,evening,mobile,0,0.423
S1120,27.0,18,16.4,1,6,3,evening,mobile,0,0.667
S1121,7.8,4,48.9,1,3,0,evening,mobile,1,0.514
S1122,47.9,2,92.9,10,1,0,morning,tablet,1,0.042
S1123,4.3,1,15.5,8,2,0,morning,mobile,0,0.231
S1124,13.9,6,43.6,2,1,1,late_night,mobile,1,0.432
S1125,12.9,4,38.7,1,2,1,morning,mobile,1,0.309
S1126,32.3,15,10.7,1,7,1,evening,mobile,0,0.465
S1127,5.0,1,16.3,5,2,0,late_night,desktop,1,0.201
S1128,49.9,4,88.8,8,1,0,afternoon,tablet,0,0.08
S1129,14.9,4,56.6,1,2,0,morning,mobile,1,0.269
S1130,1.5,1,8.0,9,2,0,evening,tablet,0,1.736
S1131,42.8,3,92.3,8,1,0,afternoon,tablet,1,0.07
S1132,5.3,2,5.5,7,2,0,late_night,desktop,1,0.38
S1133,5.7,1,2.7,8,1,0,morning,mobile,1,0.176
S1134,18.8,12,15.6,1,9,4,evening,mobile,0,0.639
S1135,8.6,5,43.5,2,1,1,late_night,mobile,0,0.58
S1136,11.9,4,51.1,1,1,0,late_night,mobile,1,0.335
S1137,8.3,4,35.0,1,2,1,evening,mobile,0,0.48
S1138,6.7,1,6.2,9,1,0,late_night,mobile,1,0.149
S1139,51.8,4,93.4,9,1,0,afternoon,desktop,1,0.077
S1140,13.6,6,43.2,3,3,1,late_night,mobile,0,0.442
S1141,59.3,3,92.4,9,2,0,afternoon,desktop,1,0.051
S1142,54.7,2,87.5,8,2,0,afternoon,desktop,1,0.037
S1143,26.2,14,13.0,0,5,2,afternoon,mobile,1,0.533
S1144,54.9,4,97.8,8,2,0,afternoon,desktop,1,0.073
S1145,3.4,2,2.0,4,1,0,morning,mobile,0,0.596
S1146,30.6,18,11.4,1,6,1,afternoon,mobile,0,0.588
S1147,12.7,6,47.9,1,2,1,morning,mobile,0,0.474
S1148,13.8,3,44.9,2,3,0,late_night,mobile,1,0.218
S1149,28.6,18,13.1,0,7,4,afternoon,mobile,1,0.629
S1150,7.8,3,41.4,1,2,0,late_night,mobile,0,0.386
S1151,26.1,11,6.8,0,5,4,evening,mobile,0,0.422
S1152,15.7,17,5.8,1,8,2,evening,mobile,0,1.083
S1153,13.1,11,19.5,1,9,1,afternoon,mobile,1,0.839
S1154,52.9,3,87.3,11,2,0,afternoon,desktop,1,0.057
S1155,39.3,2,92.6,9,2,0,afternoon,desktop,1,0.051
S1156,14.0,16,12.1,1,5,4,evening,mobile,0,1.146
S1157,41.0,3,95.2,9,1,0,afternoon,desktop,0,0.073
S1158,10.2,3,48.9,2,1,0,morning,mobile,1,0.294
S1159,9.9,6,50.8,1,2,1,morning,mobile,1,0.608
S1160,3.9,1,16.2,5,2,0,late_night,mobile,1,0.253
S1161,24.5,13,18.9,1,6,1,evening,mobile,1,0.531
S1162,9.0,5,51.0,2,2,0,morning,mobile,1,0.554
S1163,22.4,12,16.6,1,8,2,afternoon,mobile,1,0.535
S1164,20.7,17,10.4,0,8,2,afternoon,mobile,1,0.82
S1165,10.1,6,52.5,1,3,1,evening,mobile,0,0.592
S1166,49.0,4,91.1,8,2,0,morning,desktop,1,0.082
S1167,17.5,5,37.2,3,1,1,evening,mobile,0,0.286
S1168,22.3,10,7.0,0,9,2,afternoon,mobile,0,0.449
S1169,30.1,19,9.7,0,8,1,afternoon,mobile,0,0.632
S1170,54.6,2,99.8,6,2,0,afternoon,desktop,1,0.037
S1171,13.0,3,43.5,2,1,1,morning,mobile,1,0.231
S1172,13.3,4,54.0,2,3,1,evening,mobile,0,0.3
S1173,17.2,14,19.8,0,9,2,evening,mobile,0,0.815
S1174,30.7,15,11.7,0,9,3,afternoon,mobile,0,0.488
S1175,22.0,15,4.2,1,9,4,evening,tablet,0,0.683
S1176,6.0,2,2.0,8,1,0,morning,mobile,0,0.336
S1177,54.8,2,91.1,7,1,0,morning,desktop,0,0.036
S1178,46.9,3,94.6,6,1,0,morning,desktop,1,0.064
S1179,11.4,6,42.6,2,3,1,morning,mobile,1,0.526
S1180,5.0,6,46.4,2,2,1,morning,mobile,0,1.208
S1181,4.5,3,9.7,4,2,0,morning,desktop,1,0.674
S1182,48.0,3,91.1,7,1,0,morning,desktop,1,0.063
S1183,11.5,6,51.3,3,3,0,late_night,mobile,1,0.521
S1184,16.2,6,54.8,3,2,1,evening,mobile,1,0.37
S1185,8.7,2,2.0,8,1,0,morning,mobile,0,0.229
S1186,5.2,2,5.6,4,1,0,afternoon,tablet,0,0.382
S1187,15.2,10,10.9,0,8,2,afternoon,mobile,1,0.656
S1188,57.6,3,82.5,11,1,0,afternoon,desktop,1,0.052
S1189,47.0,3,98.1,8,2,0,afternoon,tablet,0,0.064
S1190,29.6,15,13.1,1,9,4,evening,tablet,0,0.508
S1191,3.5,3,4.1,4,2,0,afternoon,desktop,1,0.846
S1192,4.3,1,2.1,9,2,0,morning,desktop,1,0.233
S1193,5.4,2,10.4,9,1,0,evening,tablet,1,0.367
S1194,18.6,13,21.2,0,8,2,afternoon,mobile,0,0.698
S1195,6.7,4,25.0,3,3,0,morning,mobile,0,0.601
S1196,26.0,19,10.8,0,8,3,evening,mobile,0,0.732
S1197,56.3,4,92.1,12,1,0,afternoon,tablet,1,0.071
S1198,8.1,4,63.9,3,3,1,evening,mobile,1,0.497
S1199,42.9,4,89.2,11,1,0,afternoon,desktop,0,0.093
S1200,8.6,4,51.5,3,1,0,evening,mobile,0,0.465
S1201,17.0,11,7.3,0,7,4,afternoon,mobile,0,0.647
S1202,17.4,14,18.1,0,5,4,evening,mobile,0,0.804
S1203,4.7,1,20.0,7,1,0,morning,mobile,0,0.213
S1204,7.0,5,45.5,3,1,0,morning,mobile,1,0.719
S1205,3.1,2,13.2,4,1,0,late_night,desktop,0,0.639
S1206,11.6,4,49.7,1,2,1,evening,mobile,0,0.344
S1207,3.4,2,6.6,9,1,0,late_night,mobile,0,0.592
S1208,40.9,2,98.8,6,1,0,afternoon,desktop,1,0.049
S1209,31.4,18,4.0,1,5,2,evening,mobile,1,0.574
S1210,61.8,4,90.6,11,2,0,afternoon,desktop,1,0.065
S1211,41.6,2,96.7,12,2,0,morning,desktop,1,0.048
S1212,32.1,16,9.2,1,9,2,afternoon,tablet,1,0.498
S1213,1.5,2,2.0,4,1,0,evening,mobile,1,1.405
S1214,58.1,4,92.9,12,1,0,morning,desktop,0,0.069
S1215,35.0,4,91.4,8,1,0,afternoon,desktop,1,0.116
S1216,16.6,14,12.4,1,7,2,afternoon,mobile,0,0.845
S1217,19.5,3,32.7,1,3,1,evening,mobile,0,0.154
S1218,18.8,15,21.5,1,5,3,evening,mobile,0,0.8
S1219,3.3,2,3.5,4,2,0,afternoon,mobile,0,0.612
S1220,4.9,2,13.7,4,1,0,late_night,desktop,0,0.407
S1221,15.5,16,8.7,1,5,4,afternoon,tablet,1,1.03
S1222,7.4,1,2.3,6,2,0,afternoon,mobile,0,0.136
S1223,21.6,13,18.1,1,6,2,afternoon,mobile,0,0.602
S1224,4.7,3,3.6,7,1,0,afternoon,desktop,1,0.636
S1225,5.2,3,12.3,5,2,0,afternoon,mobile,0,0.572
S1226,13.3,3,25.0,1,2,1,evening,mobile,1,0.225
S1227,2.8,3,2.0,5,2,0,evening,tablet,1,1.053
S1228,3.2,2,6.7,7,1,0,afternoon,tablet,0,0.629
S1229,24.7,15,7.2,0,7,1,afternoon,mobile,1,0.608
S1230,43.2,4,93.0,11,1,0,afternoon,desktop,1,0.093
S1231,15.9,3,62.2,1,2,1,evening,mobile,1,0.189
S1232,11.7,5,41.2,1,3,1,evening,mobile,1,0.428
S1233,29.3,13,9.4,0,9,2,afternoon,mobile,0,0.443
S1234,7.0,3,4.6,5,2,0,evening,desktop,0,0.431
S1235,13.0,4,47.6,3,1,0,evening,mobile,1,0.308
S1236,12.7,6,44.5,1,1,0,evening,mobile,1,0.472
S1237,45.9,2,94.0,6,2,0,afternoon,desktop,1,0.044
S1238,5.5,2,5.2,4,1,0,evening,desktop,0,0.362
S1239,25.4,17,10.5,1,9,4,afternoon,tablet,0,0.669
S1240,7.7,6,35.8,1,3,0,morning,mobile,1,0.781
S1241,5.1,1,13.7,7,1,0,late_night,tablet,1,0.196
S1242,44.8,2,91.1,11,1,0,morning,tablet,1,0.045
S1243,24.1,10,11.1,1,9,3,evening,mobile,0,0.415
S1244,9.6,1,3.1,6,2,0,evening,mobile,0,0.105
S1245,15.4,3,27.7,3,3,0,morning,mobile,1,0.195
S1246,57.5,4,87.1,8,1,0,morning,desktop,1,0.07
S1247,55.1,3,83.2,6,2,0,afternoon,desktop,1,0.054
S1248,28.4,10,20.5,1,9,2,evening,mobile,0,0.352
S1249,7.4,2,5.6,6,2,0,morning,desktop,0,0.271
S1250,56.6,2,88.1,6,1,0,morning,desktop,1,0.035
S1251,6.5,1,8.5,6,1,0,evening,mobile,0,0.153
S1252,12.3,4,46.1,3,2,0,morning,mobile,0,0.326
S1253,47.8,3,100.0,12,2,0,morning,desktop,1,0.063
S1254,13.5,4,53.9,1,1,1,evening,mobile,0,0.297
S1255,5.0,3,7.9,6,2,0,morning,desktop,0,0.603
S1256,15.4,6,32.9,3,1,0,morning,mobile,0,0.39
S1257,23.8,19,12.4,1,7,4,afternoon,tablet,0,0.799
S1258,61.3,2,92.1,10,1,0,afternoon,desktop,1,0.033
S1259,13.7,3,44.4,1,1,0,morning,mobile,1,0.218
S1260,3.8,2,7.8,6,2,0,afternoon,tablet,0,0.529
S1261,11.8,4,47.0,2,1,0,late_night,mobile,1,0.339
S1262,6.7,1,8.8,9,2,0,morning,mobile,0,0.149
S1263,19.9,16,12.3,1,7,2,evening,mobile,0,0.803
S1264,54.1,3,97.0,11,2,0,afternoon,desktop,1,0.055
S1265,2.8,2,7.1,7,2,0,evening,tablet,1,0.704
S1266,35.0,4,83.6,7,2,0,morning,desktop,1,0.175
S1267,54.3,3,84.0,13,2,0,morning,tablet,1,0.055
S1268,19.0,15,4.0,1,6,3,afternoon,tablet,0,0.79
S1269,14.8,16,5.7,0,9,2,evening,mobile,1,1.085
S1270,2.4,1,9.4,8,1,0,evening,mobile,0,0.421
S1271,5.9,2,8.9,6,1,0,afternoon,tablet,1,0.339
S1272,36.0,12,4.4,0,5,1,afternoon,mobile,0,0.32
S1273,10.2,6,39.3,1,1,1,morning,mobile,0,0.59
S1274,14.2,13,20.0,0,5,3,afternoon,mobile,0,0.917
S1275,3.6,1,14.4,9,1,0,afternoon,desktop,1,0.275
S1276,16.2,5,35.5,3,1,0,evening,mobile,1,0.31
S1277,40.9,2,90.1,13,2,0,morning,desktop,1,0.049
S1278,20.4,18,10.0,1,5,3,evening,mobile,0,0.882
S1279,14.8,4,33.8,1,1,1,evening,mobile,0,0.271
S1280,4.1,1,5.6,9,1,0,late_night,mobile,1,0.245
S1281,27.1,13,17.4,0,9,4,evening,mobile,0,0.48
S1282,32.5,11,17.8,1,6,4,afternoon,mobile,0,0.338
S1283,56.3,2,96.1,11,1,0,afternoon,desktop,1,0.036
S1284,11.5,4,30.6,2,2,0,late_night,mobile,1,0.349
S1285,5.2,3,20.0,9,1,0,evening,desktop,0,0.573
S1286,27.6,11,9.4,0,7,4,afternoon,mobile,0,0.399
S1287,53.7,2,92.6,9,2,0,afternoon,desktop,1,0.037
S1288,36.0,12,11.6,1,8,2,evening,tablet,1,0.327
S1289,5.0,6,49.7,2,1,1,morning,mobile,1,1.856
S1290,53.4,3,86.4,10,1,0,afternoon,desktop,1,0.056
S1291,7.5,3,42.5,2,1,1,evening,mobile,1,0.399
S1292,48.5,2,86.0,12,1,0,afternoon,desktop,0,0.041
S1293,59.6,4,92.4,9,2,0,morning,tablet,1,0.067
S1294,3.0,1,7.4,9,2,0,late_night,mobile,0,0.334
S1295,18.9,13,7.0,1,7,1,afternoon,mobile,0,0.687
S1296,64.6,3,87.1,13,1,0,morning,desktop,1,0.046
S1297,3.9,2,3.7,9,1,0,evening,tablet,0,0.514
S1298,61.7,4,100.0,11,1,0,morning,desktop,1,0.065
S1299,9.8,4,34.5,3,3,1,evening,mobile,1,0.407
S1300,47.7,2,91.1,7,2,0,morning,desktop,1,0.042
S1301,7.7,1,12.7,4,2,0,afternoon,desktop,1,0.13
S1302,1.5,2,8.4,6,1,0,morning,mobile,0,9.492
S1303,11.4,4,41.6,1,1,1,late_night,mobile,1,0.35
S1304,14.7,12,14.3,0,7,4,evening,mobile,0,0.818
S1305,7.1,1,16.0,7,2,0,morning,mobile,0,0.141
S1306,7.3,4,43.9,3,1,0,evening,mobile,1,0.548
S1307,52.7,4,94.2,12,2,0,morning,desktop,0,0.076
S1308,17.4,14,13.8,0,8,4,evening,mobile,0,0.805
S1309,50.8,4,92.7,9,1,0,morning,desktop,1,0.079
S1310,52.5,4,91.5,11,2,0,morning,desktop,1,0.076
S1311,18.4,19,15.2,0,5,3,afternoon,mobile,0,1.031
S1312,3.7,3,14.7,5,1,0,late_night,desktop,1,0.807
S1313,10.7,3,65.1,1,2,0,evening,mobile,1,0.279
S1314,3.0,1,5.7,8,1,0,afternoon,mobile,0,0.331
S1315,6.2,1,6.6,5,2,0,morning,mobile,1,0.161
S1316,4.5,2,5.5,6,1,0,evening,mobile,0,0.449
S1317,24.1,10,10.0,1,8,1,afternoon,mobile,0,0.414
S1318,13.6,4,28.2,1,1,0,late_night,mobile,0,0.294
S1319,4.5,1,13.6,7,1,0,morning,tablet,0,0.223
S1320,24.0,17,8.3,1,9,3,evening,mobile,0,0.71
S1321,5.7,3,2.0,9,1,0,evening,mobile,0,0.527
S1322,4.8,1,7.6,8,1,0,morning,tablet,0,0.21
S1323,5.8,1,2.0,9,2,0,evening,tablet,0,0.174
S1324,49.2,4,90.1,8,1,0,afternoon,desktop,1,0.081
S1325,20.6,11,8.8,1,9,1,evening,mobile,1,0.533
S1326,26.3,12,6.2,0,6,4,afternoon,mobile,0,0.455
S1327,8.0,3,11.0,9,1,0,evening,mobile,1,0.375
S1328,9.6,3,52.5,2,1,1,late_night,mobile,0,0.314
S1329,23.7,17,12.2,0,5,1,evening,tablet,1,0.717
S1330,17.4,14,6.7,1,6,3,evening,mobile,0,0.806
S1331,4.0,1,14.8,4,1,0,afternoon,tablet,0,0.25
S1332,6.9,3,14.7,9,2,0,late_night,mobile,0,0.433
S1333,5.3,1,10.1,4,2,0,afternoon,mobile,0,0.188
S1334,5.8,2,9.9,7,2,0,afternoon,mobile,0,0.348
S1335,3.0,3,15.5,5,1,0,morning,mobile,0,1.009
S1336,14.1,14,13.4,0,6,2,evening,mobile,0,0.995
S1337,18.4,19,14.5,1,6,2,afternoon,tablet,0,1.033
S1338,13.1,4,49.4,1,3,0,morning,mobile,1,0.304
S1339,31.0,14,8.7,0,7,1,evening,mobile,0,0.452
S1340,21.3,15,19.7,1,7,4,evening,mobile,0,0.703
S1341,14.4,18,14.7,0,5,4,evening,mobile,1,1.249
S1342,11.4,5,55.5,2,2,0,evening,mobile,0,0.437
S1343,4.0,3,6.3,9,1,0,morning,mobile,1,0.759
S1344,15.6,3,28.6,3,1,0,morning,mobile,0,0.192
S1345,24.3,14,17.5,1,6,4,evening,mobile,0,0.576
S1346,6.3,4,40.9,2,2,1,evening,mobile,1,0.631
S1347,24.6,14,14.6,0,6,3,evening,mobile,0,0.569
S1348,9.1,3,37.9,2,2,0,evening,mobile,0,0.329
S1349,18.9,17,6.7,1,6,2,evening,mobile,0,0.898
S1350,4.0,3,6.4,8,2,0,afternoon,mobile,1,0.743
S1351,25.4,16,14.4,1,6,2,evening,mobile,0,0.629
S1352,38.8,3,89.8,13,2,0,morning,desktop,1,0.077
S1353,10.1,5,37.2,3,3,0,late_night,mobile,0,0.496
S1354,19.2,19,13.5,1,8,2,afternoon,tablet,0,0.989
S1355,5.6,3,6.9,6,1,0,late_night,mobile,0,0.54
S1356,20.6,13,14.5,1,9,4,afternoon,mobile,1,0.631
S1357,11.4,3,40.6,1,3,0,morning,mobile,0,0.264
S1358,8.0,6,42.4,1,2,1,evening,mobile,0,0.75
S1359,7.0,4,38.6,2,1,1,morning,mobile,1,0.57
S1360,56.6,2,94.5,13,2,0,afternoon,desktop,1,0.035
S1361,17.9,11,6.7,1,9,4,evening,mobile,1,0.616
S1362,32.4,16,15.5,0,9,1,evening,mobile,0,0.493
S1363,13.9,4,58.3,3,3,0,evening,mobile,0,0.288
S1364,22.1,15,4.0,0,6,2,afternoon,mobile,0,0.679
S1365,36.0,13,5.3,0,6,4,evening,mobile,0,0.352
S1366,6.6,1,2.0,5,1,0,evening,tablet,1,0.153
S1367,7.1,3,6.7,7,1,0,evening,mobile,1,0.424
S1368,10.3,6,41.0,3,1,1,morning,mobile,0,0.583
S1369,17.0,16,14.6,0,5,2,afternoon,tablet,0,0.942
S1370,13.5,17,7.2,1,5,1,evening,mobile,1,1.263
S1371,11.2,4,41.5,1,3,1,morning,mobile,1,0.358
S1372,19.0,16,23.5,1,5,1,afternoon,mobile,0,0.843
S1373,19.8,17,23.1,1,9,2,afternoon,mobile,1,0.858
S1374,52.0,3,96.6,8,2,0,afternoon,desktop,1,0.058
S1375,26.6,11,11.8,1,8,4,afternoon,mobile,0,0.413
S1376,23.2,15,7.4,1,9,2,afternoon,mobile,0,0.646
S1377,19.9,11,12.9,1,5,2,evening,mobile,0,0.553
S1378,12.4,6,51.9,3,2,1,morning,mobile,1,0.483
S1379,5.5,3,45.9,1,3,1,late_night,mobile,1,0.542
S1380,12.0,6,56.7,3,3,1,late_night,mobile,1,0.502
S1381,19.9,13,7.1,0,6,3,evening,mobile,1,0.653
S1382,55.2,2,96.3,11,1,0,morning,desktop,1,0.036
S1383,43.7,2,89.1,11,1,0,afternoon,desktop,1,0.046
S1384,12.7,3,25.0,3,1,0,morning,mobile,0,0.236
S1385,58.6,4,92.7,6,2,0,afternoon,desktop,0,0.068
S1386,13.7,3,47.7,2,3,1,late_night,mobile,1,0.219
S1387,45.4,4,94.1,8,1,0,afternoon,desktop,1,0.088
S1388,25.0,18,6.4,1,9,3,evening,mobile,0,0.721
S1389,54.5,4,94.4,10,2,0,afternoon,desktop,1,0.073
S1390,22.8,11,10.5,1,6,3,evening,mobile,0,0.483
S1391,14.0,17,4.8,0,7,3,evening,tablet,0,1.215
S1392,17.7,11,5.2,0,8,1,evening,mobile,0,0.622
S1393,9.6,6,25.0,2,3,1,evening,mobile,0,0.622
S1394,10.5,3,40.2,3,3,0,evening,mobile,0,0.286
S1395,19.3,11,8.7,1,5,1,evening,mobile,0,0.571
S1396,9.0,6,60.3,1,2,0,morning,mobile,1,0.667
S1397,4.6,1,14.7,5,2,0,evening,mobile,0,0.217
S1398,16.6,12,14.0,0,6,1,evening,mobile,0,0.724
S1399,59.3,4,94.6,10,1,0,afternoon,desktop,1,0.067
S1400,36.5,4,86.0,7,2,0,afternoon,desktop,1,0.11
S1401,11.6,3,46.6,1,1,0,late_night,mobile,1,0.259
S1402,13.5,5,71.0,1,1,1,morning,mobile,1,0.37
S1403,15.3,10,15.8,0,8,1,evening,mobile,0,0.652
S1404,20.2,12,19.7,1,5,3,evening,mobile,0,0.593
S1405,51.3,2,81.8,7,2,0,morning,desktop,1,0.039
S1406,20.9,12,9.8,0,9,3,afternoon,tablet,1,0.576
S1407,45.0,3,100.0,11,2,0,afternoon,desktop,1,0.067
S1408,15.1,17,11.6,1,9,1,evening,mobile,1,1.125
S1409,11.7,5,36.6,3,1,0,late_night,mobile,0,0.429
S1410,15.1,6,36.8,1,1,0,evening,mobile,0,0.397
S1411,49.1,4,95.1,7,2,0,afternoon,desktop,1,0.081
S1412,23.5,19,14.2,1,9,3,evening,mobile,0,0.808
S1413,45.8,4,87.8,11,1,0,afternoon,desktop,1,0.087
S1414,8.3,3,33.1,3,1,1,morning,mobile,1,0.361
S1415,6.2,2,14.4,6,2,0,afternoon,mobile,1,0.32
S1416,15.7,17,9.9,1,5,4,afternoon,tablet,0,1.08
S1417,2.8,3,13.4,8,1,0,evening,tablet,1,1.08
S1418,22.2,19,17.1,1,5,2,afternoon,mobile,1,0.856
S1419,53.2,2,100.0,8,2,0,afternoon,desktop,1,0.038
S1420,11.7,5,25.0,2,3,0,late_night,mobile,1,0.426
S1421,57.0,3,86.3,6,2,0,afternoon,desktop,1,0.053
S1422,59.1,2,90.8,9,2,0,morning,desktop,1,0.034
S1423,19.3,16,13.9,1,6,3,afternoon,tablet,0,0.831
S1424,20.1,13,12.6,0,7,4,evening,mobile,0,0.646
S1425,23.2,14,10.6,0,9,3,evening,mobile,0,0.604
S1426,9.0,3,62.7,3,1,1,late_night,mobile,1,0.335
S1427,24.2,15,10.0,0,7,2,evening,mobile,0,0.62
S1428,6.6,1,8.8,5,1,0,morning,desktop,0,0.152
S1429,5.0,5,52.1,1,3,0,evening,mobile,0,1.021
S1430,7.4,6,39.9,1,3,0,morning,mobile,1,0.807
S1431,4.9,3,3.0,9,2,0,evening,mobile,0,0.612
S1432,12.6,4,47.3,3,1,0,morning,mobile,0,0.317
S1433,43.6,4,86.7,12,1,0,morning,desktop,1,0.092
S1434,59.4,3,86.8,11,2,0,afternoon,desktop,1,0.051
S1435,24.4,19,11.4,0,5,1,afternoon,tablet,1,0.78
S1436,16.6,16,16.2,1,9,1,afternoon,tablet,1,0.961
S1437,3.9,1,7.9,7,1,0,evening,desktop,0,0.256
S1438,3.6,1,7.6,4,2,0,afternoon,tablet,0,0.28
S1439,60.7,2,89.8,10,2,0,morning,desktop,1,0.033
S1440,1.5,2,10.2,5,2,0,evening,mobile,1,3.435
S1441,11.2,4,30.5,1,3,0,morning,mobile,0,0.356
S1442,16.5,13,15.8,0,8,2,evening,tablet,0,0.788
S1443,2.4,1,4.3,6,2,0,evening,mobile,0,0.413
S1444,17.4,11,4.0,1,8,4,evening,tablet,0,0.633
S1445,51.0,2,85.6,9,1,0,morning,tablet,1,0.039
S1446,35.0,2,80.8,12,2,0,morning,desktop,1,0.058
S1447,52.2,4,94.3,12,2,0,morning,desktop,1,0.077
S1448,23.3,15,10.6,1,7,1,evening,mobile,0,0.644
S1449,22.9,18,6.2,1,6,1,evening,mobile,0,0.787
S1450,6.8,1,3.3,6,2,0,late_night,desktop,0,0.147
S1451,59.4,3,90.7,13,1,0,afternoon,desktop,1,0.051
S1452,15.4,6,51.6,1,1,0,morning,mobile,1,0.389
S1453,65.2,2,89.9,6,2,0,afternoon,desktop,1,0.031
S1454,22.9,12,21.2,0,8,4,evening,mobile,0,0.524
S1455,13.0,4,25.0,1,3,1,morning,mobile,1,0.308
S1456,13.5,5,49.1,2,3,0,morning,mobile,0,0.371
S1457,5.8,2,8.0,5,1,0,afternoon,mobile,0,0.345
S1458,18.9,10,4.0,1,6,1,evening,mobile,1,0.529
S1459,9.0,1,13.5,8,2,0,afternoon,mobile,0,0.112
S1460,28.9,11,10.1,0,6,2,afternoon,mobile,0,0.381
S1461,7.2,4,72.0,3,2,1,evening,mobile,1,0.553
S1462,38.4,3,87.9,12,2,0,morning,desktop,1,0.078
S1463,5.0,4,44.8,1,1,0,late_night,mobile,1,1.073
S1464,25.4,18,13.4,0,5,2,evening,tablet,0,0.708
S1465,28.0,15,10.7,1,6,1,afternoon,mobile,0,0.536
S1466,11.5,5,46.3,1,3,0,morning,mobile,1,0.436
S1467,27.0,10,8.4,0,8,3,evening,tablet,0,0.37
S1468,10.0,3,61.9,3,2,0,morning,mobile,1,0.301
S1469,20.3,15,11.2,1,8,3,evening,mobile,0,0.737
S1470,71.1,2,89.5,13,1,0,afternoon,desktop,1,0.028
S1471,50.0,2,95.1,8,1,0,morning,desktop,1,0.04
S1472,3.5,3,3.8,4,1,0,afternoon,tablet,1,0.867
S1473,19.6,19,13.6,1,5,2,evening,mobile,1,0.967
S1474,8.2,3,51.0,2,3,1,late_night,mobile,1,0.365
S1475,53.8,2,89.6,10,1,0,afternoon,desktop,0,0.037
S1476,12.0,6,48.4,1,1,1,evening,mobile,0,0.501
S1477,5.7,2,4.8,4,2,0,evening,mobile,1,0.353
S1478,22.8,12,12.5,0,9,3,afternoon,mobile,0,0.526
S1479,16.9,11,11.6,0,9,4,evening,tablet,0,0.65
S1480,2.9,2,9.2,5,2,0,evening,mobile,1,0.689
S1481,47.4,4,90.2,10,2,0,morning,desktop,1,0.084
S1482,26.6,14,11.7,0,6,2,evening,mobile,0,0.526
S1483,3.7,2,3.4,6,2,0,evening,desktop,0,0.542
S1484,38.0,4,93.4,7,1,0,morning,desktop,1,0.105
S1485,8.3,3,49.8,1,2,0,evening,mobile,0,0.36
S1486,13.4,6,50.6,3,3,0,morning,mobile,0,0.448
S1487,2.0,1,12.8,8,2,0,late_night,mobile,1,0.496
S1488,55.0,2,89.3,7,1,0,afternoon,desktop,1,0.036
S1489,3.0,2,6.6,7,1,0,morning,desktop,0,0.673
S1490,51.9,3,96.2,8,1,0,morning,desktop,1,0.058
S1491,6.6,2,13.9,5,2,0,morning,mobile,0,0.303
S1492,18.8,16,5.9,0,9,2,evening,mobile,0,0.853
S1493,43.8,4,84.0,7,2,0,morning,desktop,1,0.091
S1494,9.9,6,58.2,1,3,1,morning,mobile,0,0.606
S1495,12.7,5,69.2,3,3,1,evening,mobile,1,0.393
S1496,6.4,6,53.9,1,1,0,late_night,mobile,1,0.939
S1497,5.4,1,2.0,7,1,0,evening,mobile,0,0.184
S1498,11.4,4,53.8,3,1,1,late_night,mobile,1,0.352
S1499,1.5,1,12.1,4,2,0,afternoon,mobile,1,0.789
S1500,7.8,5,52.0,3,1,0,morning,mobile,0,0.644
